File Format Type:	ArbinCsvFormat1
Header Lines:	14
Serial Number:	215751
Cycler Name:	
Channel Id:	1
Test Name: 	test1200
Test ID: 	2
Schedule Name: 	AB-CC_Low_5V5A+TestObject_cc.sdx
Timezone: 	GMT -6:00
Data Type Flag:	 {"1":"IVBasicData","2":"IVExtendData","3":"AuxData","4":"CANBMSData","5":"SMBData","6":"EISData","7":"SMBString"}
Aux Definition:	{"AuxV1":"Aux Voltage(V) V_001","dAuxVdt1":"Aux Voltage dVdt_001","AuxV2":"Aux Voltage(V) V_002","dAuxVdt2":"Aux Voltage dVdt_002","AuxV3":"Aux Voltage(V) V_003","dAuxVdt3":"Aux Voltage dVdt_003","AuxV4":"Aux Voltage(V) V_004","dAuxVdt4":"Aux Voltage dVdt_004","AuxV5":"Aux Voltage(V) V_005","dAuxVdt5":"Aux Voltage dVdt_005","AuxV6":"Aux Voltage(V) V_006","dAuxVdt6":"Aux Voltage dVdt_006","AuxV7":"Aux Voltage(V) V_007","dAuxVdt7":"Aux Voltage dVdt_007","AuxV8":"Aux Voltage(V) V_008","dAuxVdt8":"Aux Voltage dVdt_008","AuxV9":"Aux Voltage(V) V_009","dAuxVdt9":"Aux Voltage dVdt_009","AuxV10":"Aux Voltage(V) V_010","dAuxVdt10":"Aux Voltage dVdt_010","AuxV11":"Aux Voltage(V) V_011","dAuxVdt11":"Aux Voltage dVdt_011","AuxV12":"Aux Voltage(V) V_012","dAuxVdt12":"Aux Voltage dVdt_012","AuxV13":"Aux Voltage(V) V_013","dAuxVdt13":"Aux Voltage dVdt_013","AuxV14":"Aux Voltage(V) V_014","dAuxVdt14":"Aux Voltage dVdt_014","AuxV15":"Aux Voltage(V) V_015","dAuxVdt15":"Aux Voltage dVdt_015","AuxV16":"Aux Voltage(V) V_016","dAuxVdt16":"Aux Voltage dVdt_016"}
Data Field:
"Byte Index"	"Line Number"	"Data Type Flag"	"Data Point"	"Test Time"	"Step Time"	"Cycle Index"	"Step Index"	"Current"	"Voltage"	"Charge Capacity"	"Discharge Capacity"	"Charge Energy"	"Discharge Energy"	"Data Flags"	"Data Time"	"Other Information"
 	 	 	 	"s"	"s"	 	 	"A"	"V"	Ah	Ah	Wh	Wh	 	"DateTime"	"JSON"
1740	1	3												0	16212709213978000	{"V_001": 1.304837e001,"dVdt_001":-5.619815e-04,"V_002": 1.307758e001,"dVdt_002": 6.781014e-04,"V_003": 1.297440e001,"dVdt_003": 2.969332e-04,"V_004": 1.305495e001,"dVdt_004": 4.221212e-04,"V_005": 1.302653e001,"dVdt_005":-1.830378e-04,"V_006": 1.309398e001,"dVdt_006":-3.613824e-04,"V_007": 1.304760e001,"dVdt_007":-2.196454e-04,"V_008": 1.310382e001,"dVdt_008":-6.559913e-04,"V_009": 1.315630e001,"dVdt_009": 6.621952e-04,"V_010": 1.300682e001,"dVdt_010":-1.463150e-04,"V_011": 1.306010e001,"dVdt_011": 5.408591e-04,"V_012": 1.314623e001,"dVdt_012": 8.396245e-04,"V_013": 1.318070e001,"dVdt_013": 1.244210e-03,"V_014": 1.302035e001,"dVdt_014": 1.140722e-03,"V_015": 1.309753e001,"dVdt_015": 7.423418e-04,"V_016": 1.316727e001,"dVdt_016": 4.527886e-04}
2535	2	3												0	16212709214527000	{"V_001": 1.304921e001,"dVdt_001":-5.619815e-04,"V_002": 1.307853e001,"dVdt_002": 6.781014e-04,"V_003": 1.297518e001,"dVdt_003": 2.969332e-04,"V_004": 1.305583e001,"dVdt_004": 4.221212e-04,"V_005": 1.302759e001,"dVdt_005":-1.830378e-04,"V_006": 1.309511e001,"dVdt_006":-3.613824e-04,"V_007": 1.304898e001,"dVdt_007":-2.196454e-04,"V_008": 1.310519e001,"dVdt_008":-6.559913e-04,"V_009": 1.315732e001,"dVdt_009": 6.621952e-04,"V_010": 1.300772e001,"dVdt_010":-1.463150e-04,"V_011": 1.306112e001,"dVdt_011": 5.408591e-04,"V_012": 1.314712e001,"dVdt_012": 8.396245e-04,"V_013": 1.318174e001,"dVdt_013": 1.244210e-03,"V_014": 1.302135e001,"dVdt_014": 1.140722e-03,"V_015": 1.309838e001,"dVdt_015": 7.423418e-04,"V_016": 1.316816e001,"dVdt_016": 4.527886e-04}
3330	3	3												0	16212709215057000	{"V_001": 1.304818e001,"dVdt_001":-5.619815e-04,"V_002": 1.307753e001,"dVdt_002": 6.781014e-04,"V_003": 1.297412e001,"dVdt_003": 2.969332e-04,"V_004": 1.305469e001,"dVdt_004": 4.221212e-04,"V_005": 1.302639e001,"dVdt_005":-1.830378e-04,"V_006": 1.309393e001,"dVdt_006":-3.613824e-04,"V_007": 1.304754e001,"dVdt_007":-2.196454e-04,"V_008": 1.310369e001,"dVdt_008":-6.559913e-04,"V_009": 1.315602e001,"dVdt_009": 6.621952e-04,"V_010": 1.300668e001,"dVdt_010":-1.463150e-04,"V_011": 1.306005e001,"dVdt_011": 5.408591e-04,"V_012": 1.314596e001,"dVdt_012": 8.396245e-04,"V_013": 1.318040e001,"dVdt_013": 1.244210e-03,"V_014": 1.302024e001,"dVdt_014": 1.140722e-03,"V_015": 1.309734e001,"dVdt_015": 7.423418e-04,"V_016": 1.316726e001,"dVdt_016": 4.527886e-04}
4125	4	3												0	16212709215612000	{"V_001": 1.304925e001,"dVdt_001":-5.619815e-04,"V_002": 1.307857e001,"dVdt_002": 6.781014e-04,"V_003": 1.297524e001,"dVdt_003": 2.969332e-04,"V_004": 1.305584e001,"dVdt_004": 4.221212e-04,"V_005": 1.302749e001,"dVdt_005":-1.830378e-04,"V_006": 1.309490e001,"dVdt_006":-3.613824e-04,"V_007": 1.304857e001,"dVdt_007":-2.196454e-04,"V_008": 1.310492e001,"dVdt_008":-6.559913e-04,"V_009": 1.315707e001,"dVdt_009": 6.621952e-04,"V_010": 1.300741e001,"dVdt_010":-1.463150e-04,"V_011": 1.306092e001,"dVdt_011": 5.408591e-04,"V_012": 1.314707e001,"dVdt_012": 8.396245e-04,"V_013": 1.318155e001,"dVdt_013": 1.244210e-03,"V_014": 1.302116e001,"dVdt_014": 1.140722e-03,"V_015": 1.309843e001,"dVdt_015": 7.423418e-04,"V_016": 1.316813e001,"dVdt_016": 4.527886e-04}
4920	5	1	1	2.00000023841857e-03	2.00000023841857e-03	1	1	-4.679560e-04	-4.425048e-04	 0.000000e000	 0.000000e000	 0.000000e000	 0.000000e000	3670017	16212709213977000	{}
5091	6	1	2	4.30000019073486e-03	4.30000019073486e-03	1	1	-4.679560e-04	-4.425048e-04	 0.000000e000	 0.000000e000	 0.000000e000	 0.000000e000	3670016	16212709214000000	{}
5262	7	1	3	9.30000019073486e-03	9.30000019073486e-03	1	1	 8.280050e-02	-3.757476e-04	 0.000000e000	 0.000000e000	 0.000000e000	 0.000000e000	3801088	16212709214050000	{}
5433	8	1	4	1.37999999523162e-02	1.37999999523162e-02	1	1	 8.280712e-02	-2.908706e-04	 0.000000e000	 0.000000e000	 0.000000e000	 0.000000e000	3801088	16212709214095000	{}
5604	9	1	5	1.49000000953674e-02	1.49000000953674e-02	1	1	 8.280712e-02	-2.908706e-04	 3.174272e-07	 0.000000e000	-9.233027e-11	 0.000000e000	3801088	16212709214106000	{}
5775	10	1	6	1.63000001907348e-02	1.63000001907348e-02	1	1	 8.273524e-02	-3.256797e-04	 3.174272e-07	 0.000000e000	-9.233027e-11	 0.000000e000	3801088	16212709214120000	{}
5947	11	1	7	1.78999996185302e-02	1.78999996185302e-02	1	1	 8.273524e-02	-3.256797e-04	 3.174272e-07	 0.000000e000	-9.233027e-11	 0.000000e000	3801088	16212709214136000	{}
6119	12	1	8	2.34999990463256e-02	2.34999990463256e-02	1	1	 8.279478e-02	-3.209114e-04	 3.174272e-07	 0.000000e000	-9.233027e-11	 0.000000e000	3801088	16212709214192000	{}
6291	13	1	9	2.50000000000000e-02	2.50000000000000e-02	1	1	 8.279478e-02	-3.209114e-04	 3.174272e-07	 0.000000e000	-9.233027e-11	 0.000000e000	3801088	16212709214207000	{}
6463	14	1	10	3.02999997138977e-02	3.02999997138977e-02	1	1	 8.282089e-02	-3.337860e-04	 3.174272e-07	 0.000000e000	-9.233027e-11	 0.000000e000	3801088	16212709214260000	{}
6636	15	1	11	3.25000000000000e-02	3.25000000000000e-02	1	1	 8.281308e-02	-3.571510e-04	 3.174272e-07	 0.000000e000	-9.233027e-11	 0.000000e000	3801088	16212709214282000	{}
6809	16	1	12	3.50000000000000e-02	3.50000000000000e-02	1	1	 8.281308e-02	-3.571510e-04	 7.774997e-07	 0.000000e000	-2.566456e-10	 0.000000e000	3801088	16212709214307000	{}
6982	17	1	13	4.07000017166137e-02	4.07000017166137e-02	1	1	 8.280158e-02	-3.490447e-04	 7.774997e-07	 0.000000e000	-2.566456e-10	 0.000000e000	3801088	16212709214364000	{}
7155	18	1	14	4.26999998092651e-02	4.26999998092651e-02	1	1	 8.280158e-02	-3.490447e-04	 7.774997e-07	 0.000000e000	-2.566456e-10	 0.000000e000	3801088	16212709214384000	{}
7328	19	1	15	4.80000019073486e-02	4.80000019073486e-02	1	1	 8.282243e-02	-3.037452e-04	 7.774997e-07	 0.000000e000	-2.566456e-10	 0.000000e000	3801088	16212709214437000	{}
7501	20	1	16	5.01999950408935e-02	5.01999950408935e-02	1	1	 8.281797e-02	-2.403259e-04	 1.120292e-06	 0.000000e000	-3.607673e-10	 0.000000e000	3801088	16212709214459000	{}
7674	21	1	17	5.69999980926513e-02	5.69999980926513e-02	1	1	 8.280873e-02	-3.304481e-04	 1.120292e-06	 0.000000e000	-3.607673e-10	 0.000000e000	3801088	16212709214527000	{}
7847	22	1	18	5.86999988555908e-02	5.86999988555908e-02	1	1	 8.280873e-02	-3.304481e-04	 1.120292e-06	 0.000000e000	-3.607673e-10	 0.000000e000	3801088	16212709214544000	{}
8020	23	1	19	6.40000057220458e-02	6.40000057220458e-02	1	1	 8.279556e-02	-3.061294e-04	 1.120292e-06	 0.000000e000	-3.607673e-10	 0.000000e000	3801088	16212709214597000	{}
8193	24	1	20	6.61000013351440e-02	6.61000013351440e-02	1	1	 8.281249e-02	-3.647804e-04	 1.492872e-06	 0.000000e000	-4.748249e-10	 0.000000e000	3801088	16212709214618000	{}
8366	25	1	21	6.84000015258789e-02	6.84000015258789e-02	1	1	 8.281249e-02	-3.647804e-04	 1.492872e-06	 0.000000e000	-4.748249e-10	 0.000000e000	3801088	16212709214641000	{}
8539	26	1	22	6.98999977111816e-02	6.98999977111816e-02	1	1	 8.281249e-02	-3.647804e-04	 1.492872e-06	 0.000000e000	-4.748249e-10	 0.000000e000	3801088	16212709214656000	{}
8712	27	1	23	7.17000007629394e-02	7.17000007629394e-02	1	1	 8.283972e-02	-3.175735e-04	 1.492872e-06	 0.000000e000	-4.748249e-10	 0.000000e000	3801088	16212709214674000	{}
8885	28	1	24	7.32999992370605e-02	7.32999992370605e-02	1	1	 8.283972e-02	-3.175735e-04	 1.492872e-06	 0.000000e000	-4.748249e-10	 0.000000e000	3801088	16212709214690000	{}
9058	29	1	25	7.55999994277954e-02	7.55999994277954e-02	1	1	 8.283972e-02	-3.175735e-04	 1.492872e-06	 0.000000e000	-4.748249e-10	 0.000000e000	3801088	16212709214713000	{}
9231	30	1	26	7.73000001907348e-02	7.73000001907348e-02	1	1	 8.290851e-02	-5.669593e-04	 1.492872e-06	 0.000000e000	-4.748249e-10	 0.000000e000	3801088	16212709214730000	{}
9404	31	1	27	7.86999988555908e-02	7.86999988555908e-02	1	1	 8.290851e-02	-5.669593e-04	 1.492872e-06	 0.000000e000	-4.748249e-10	 0.000000e000	3801088	16212709214744000	{}
9577	32	1	28	8.03000068664550e-02	8.03000068664550e-02	1	1	 8.290851e-02	-5.669593e-04	 1.492872e-06	 0.000000e000	-4.748249e-10	 0.000000e000	3801088	16212709214760000	{}
9750	33	1	29	8.19000053405761e-02	8.19000053405761e-02	1	1	 8.290851e-02	-5.669593e-04	 1.492872e-06	 0.000000e000	-4.748249e-10	 0.000000e000	3801088	16212709214776000	{}
9923	34	1	30	8.43999958038330e-02	8.43999958038330e-02	1	1	 8.286261e-02	-3.924369e-04	 1.492872e-06	 0.000000e000	-4.748249e-10	 0.000000e000	3801088	16212709214801000	{}
10096	35	1	31	8.59000015258789e-02	8.59000015258789e-02	1	1	 8.286261e-02	-3.924369e-04	 1.492872e-06	 0.000000e000	-4.748249e-10	 0.000000e000	3801088	16212709214816000	{}
10270	36	1	32	8.86999988555908e-02	8.86999988555908e-02	1	1	 8.286261e-02	-3.924369e-04	 1.492872e-06	 0.000000e000	-4.748249e-10	 0.000000e000	3801088	16212709214844000	{}
10444	37	1	33	9.13000011444091e-02	9.13000011444091e-02	1	1	 8.279741e-02	-2.765655e-04	 1.492872e-06	 0.000000e000	-4.748249e-10	 0.000000e000	3801088	16212709214870000	{}
10618	38	1	34	9.39000034332275e-02	9.39000034332275e-02	1	1	 8.279741e-02	-2.765655e-04	 1.492872e-06	 0.000000e000	-4.748249e-10	 0.000000e000	3801088	16212709214896000	{}
10792	39	1	35	9.63000011444091e-02	9.63000011444091e-02	1	1	 8.282173e-02	-3.213882e-04	 1.492872e-06	 0.000000e000	-4.748249e-10	 0.000000e000	3801088	16212709214920000	{}
10966	40	1	36	9.88000011444091e-02	9.88000011444091e-02	1	1	 8.282173e-02	-3.213882e-04	 1.492872e-06	 0.000000e000	-4.748249e-10	 0.000000e000	3801088	16212709214945000	{}
11140	41	1	37	1.02799999713897e-01	1.02799999713897e-01	1	1	 8.277469e-02	-3.986358e-04	 2.355108e-06	 0.000000e000	-8.185432e-10	 0.000000e000	3801088	16212709214985000	{}
11314	42	1	38	1.06299996376037e-01	1.06299996376037e-01	1	1	 8.284383e-02	-2.837181e-04	 2.355108e-06	 0.000000e000	-8.185432e-10	 0.000000e000	3801088	16212709215020000	{}
11488	43	1	39	1.10000002384185e-01	1.10000002384185e-01	1	1	 8.284383e-02	-2.837181e-04	 2.355108e-06	 0.000000e000	-8.185432e-10	 0.000000e000	3801088	16212709215057000	{}
11662	44	1	40	1.12599992752075e-01	1.12599992752075e-01	1	1	 8.280438e-02	-3.461837e-04	 2.355108e-06	 0.000000e000	-8.185432e-10	 0.000000e000	3801088	16212709215083000	{}
11836	45	1	41	1.16400003433227e-01	1.16400003433227e-01	1	1	 8.281737e-02	-3.600120e-04	 2.355108e-06	 0.000000e000	-8.185432e-10	 0.000000e000	3801088	16212709215121000	{}
12010	46	1	42	1.18700003623962e-01	1.18700003623962e-01	1	1	 8.281737e-02	-3.600120e-04	 2.355108e-06	 0.000000e000	-8.185432e-10	 0.000000e000	3801088	16212709215144000	{}
12184	47	1	43	1.21399998664855e-01	1.21399998664855e-01	1	1	 8.281737e-02	-3.600120e-04	 2.355108e-06	 0.000000e000	-8.185432e-10	 0.000000e000	3801088	16212709215171000	{}
12358	48	1	44	1.24199998378753e-01	1.24199998378753e-01	1	1	 8.280449e-02	-3.280639e-04	 2.355108e-06	 0.000000e000	-8.185432e-10	 0.000000e000	3801088	16212709215199000	{}
12532	49	1	45	1.27699995040893e-01	1.27699995040893e-01	1	1	 8.280449e-02	-3.280639e-04	 2.355108e-06	 0.000000e000	-8.185432e-10	 0.000000e000	3801088	16212709215234000	{}
12706	50	1	46	1.30900001525878e-01	1.30900001525878e-01	1	1	 8.281702e-02	-3.266334e-04	 2.355108e-06	 0.000000e000	-8.185432e-10	 0.000000e000	3276800	16212709215266000	{}
12880	51	1	47	1.33800005912780e-01	1.33800005912780e-01	1	1	 9.109473e-02	-3.561973e-04	 2.355108e-06	 0.000000e000	-8.185432e-10	 0.000000e000	3276800	16212709215295000	{}
13054	52	1	48	1.36600005626678e-01	1.36600005626678e-01	1	1	 9.109473e-02	-3.561973e-04	 2.355108e-06	 0.000000e000	-8.185432e-10	 0.000000e000	3276800	16212709215323000	{}
13228	53	1	49	1.39899992942810e-01	1.39899992942810e-01	1	1	 9.121769e-02	-2.937316e-04	 2.355108e-06	 0.000000e000	-8.185432e-10	 0.000000e000	3276800	16212709215356000	{}
13402	54	1	50	1.42700004577636e-01	1.42700004577636e-01	1	1	 9.121769e-02	-2.937316e-04	 2.355108e-06	 0.000000e000	-8.185432e-10	 0.000000e000	3276800	16212709215384000	{}
13576	55	1	51	1.45500001907348e-01	1.45500001907348e-01	1	1	 9.110218e-02	-1.988410e-04	 2.355108e-06	 0.000000e000	-8.185432e-10	 0.000000e000	3276800	16212709215412000	{}
13750	56	1	52	1.49200010299682e-01	1.49200010299682e-01	1	1	 9.110218e-02	-1.988410e-04	 2.355108e-06	 0.000000e000	-8.185432e-10	 0.000000e000	3276800	16212709215449000	{}
13924	57	1	53	1.52099990844726e-01	1.52099990844726e-01	1	1	 9.109705e-02	-2.865791e-04	 2.355108e-06	 0.000000e000	-8.185432e-10	 0.000000e000	3276800	16212709215478000	{}
14098	58	1	54	1.55399990081787e-01	1.55399990081787e-01	1	1	 9.109705e-02	-2.865791e-04	 3.612753e-06	 0.000000e000	-1.178958e-09	 0.000000e000	3276800	16212709215511000	{}
14272	59	1	55	1.65400004386901e-01	1.65400004386901e-01	1	1	 9.105777e-02	-3.008842e-04	 3.612753e-06	 0.000000e000	-1.178958e-09	 0.000000e000	3276800	16212709215611000	{}
14446	60	1	56	1.68599987030029e-01	1.68599987030029e-01	1	1	 9.109187e-02	-3.795623e-04	 3.612753e-06	 0.000000e000	-1.178958e-09	 0.000000e000	3276800	16212709215643000	{}
14620	61	1	57	1.71599998474121e-01	1.71599998474121e-01	1	1	 9.109187e-02	-3.795623e-04	 3.612753e-06	 0.000000e000	-1.178958e-09	 0.000000e000	3276800	16212709215673000	{}
14794	62	1	58	1.73800001144409e-01	1.73800001144409e-01	1	1	 9.108048e-02	-3.337860e-04	 3.612753e-06	 0.000000e000	-1.178958e-09	 0.000000e000	3276800	16212709215695000	{}
14968	63	1	59	1.77900004386901e-01	1.77900004386901e-01	1	1	 9.108048e-02	-3.337860e-04	 3.612753e-06	 0.000000e000	-1.178958e-09	 0.000000e000	3276800	16212709215736000	{}
15142	64	1	60	1.80299997329711e-01	1.80299997329711e-01	1	1	 9.111332e-02	-3.762245e-04	 3.612753e-06	 0.000000e000	-1.178958e-09	 0.000000e000	3276800	16212709215760000	{}
15316	65	1	61	1.84700002670288e-01	1.84700002670288e-01	1	1	 9.110223e-02	-3.175735e-04	 3.612753e-06	 0.000000e000	-1.178958e-09	 0.000000e000	3276800	16212709215804000	{}
15490	66	1	62	1.86800003051757e-01	1.86800003051757e-01	1	1	 9.110223e-02	-3.175735e-04	 3.612753e-06	 0.000000e000	-1.178958e-09	 0.000000e000	3276800	16212709215825000	{}
15664	67	1	63	1.89799995422363e-01	1.89799995422363e-01	1	1	 9.104072e-02	-3.881454e-04	 3.612753e-06	 0.000000e000	-1.178958e-09	 0.000000e000	3276800	16212709215855000	{}
15838	68	1	64	1.92600002288818e-01	1.92600002288818e-01	1	1	 9.104072e-02	-3.881454e-04	 3.612753e-06	 0.000000e000	-1.178958e-09	 0.000000e000	3276800	16212709215883000	{}
16012	69	1	65	1.96399993896484e-01	1.96399993896484e-01	1	1	 9.109867e-02	-3.657341e-04	 3.612753e-06	 0.000000e000	-1.178958e-09	 0.000000e000	3276800	16212709215921000	{}
16186	70	1	66	1.99399995803833e-01	1.99399995803833e-01	1	1	 9.109867e-02	-3.657341e-04	 3.612753e-06	 0.000000e000	-1.178958e-09	 0.000000e000	3276800	16212709215951000	{}
16360	71	1	67	2.02699995040893e-01	2.02699995040893e-01	1	1	 9.110384e-02	-3.247261e-04	 3.612753e-06	 0.000000e000	-1.178958e-09	 0.000000e000	3276800	16212709215984000	{}
16534	72	1	68	2.05200004577636e-01	2.05200004577636e-01	1	1	 9.110384e-02	-3.247261e-04	 3.612753e-06	 0.000000e000	-1.178958e-09	 0.000000e000	3276800	16212709216009000	{}
16708	73	1	69	2.08500003814697e-01	2.08500003814697e-01	1	1	 9.109634e-02	-3.142356e-04	 5.014624e-06	 0.000000e000	-1.619476e-09	 0.000000e000	3276800	16212709216042000	{}
16882	74	1	70	2.11800003051757e-01	2.11800003051757e-01	1	1	 9.109634e-02	-3.142356e-04	 5.014624e-06	 0.000000e000	-1.619476e-09	 0.000000e000	3276800	16212709216075000	{}
17056	75	1	71	2.13899993896484e-01	2.13899993896484e-01	1	1	 9.118247e-02	-3.442764e-04	 5.014624e-06	 0.000000e000	-1.619476e-09	 0.000000e000	3276800	16212709216096000	{}
17230	76	1	72	2.17899990081787e-01	2.17899990081787e-01	1	1	 9.110153e-02	-3.728866e-04	 5.014624e-06	 0.000000e000	-1.619476e-09	 0.000000e000	3276800	16212709216136000	{}
17404	77	1	73	2.20599985122680e-01	2.20599985122680e-01	1	1	 9.110153e-02	-3.728866e-04	 5.014624e-06	 0.000000e000	-1.619476e-09	 0.000000e000	3276800	16212709216163000	{}
17578	78	1	74	2.23900008201599e-01	2.23900008201599e-01	1	1	 9.108150e-02	-3.142356e-04	 5.014624e-06	 0.000000e000	-1.619476e-09	 0.000000e000	3276800	16212709216196000	{}
17752	79	1	75	2.26799988746643e-01	2.26799988746643e-01	1	1	 9.108150e-02	-3.142356e-04	 5.014624e-06	 0.000000e000	-1.619476e-09	 0.000000e000	3276800	16212709216225000	{}
17926	80	1	76	2.28999996185302e-01	2.28999996185302e-01	1	1	 9.118944e-02	-4.582405e-04	 5.014624e-06	 0.000000e000	-1.619476e-09	 0.000000e000	3145728	16212709216247000	{}
18100	81	1	77	2.33099985122680e-01	2.33099985122680e-01	1	1	 9.118944e-02	-4.582405e-04	 5.014624e-06	 0.000000e000	-1.619476e-09	 0.000000e000	3145728	16212709216288000	{}
18274	82	1	78	2.35400009155273e-01	2.35400009155273e-01	1	1	 9.118944e-02	-4.582405e-04	 5.014624e-06	 0.000000e000	-1.619476e-09	 0.000000e000	3145728	16212709216311000	{}
18448	83	1	79	2.38599991798400e-01	2.38599991798400e-01	1	1	 9.118944e-02	-4.582405e-04	 5.014624e-06	 0.000000e000	-1.619476e-09	 0.000000e000	3145728	16212709216343000	{}
18622	84	1	80	2.41400003433227e-01	2.41400003433227e-01	1	1	 9.112882e-02	-3.919601e-04	 5.014624e-06	 0.000000e000	-1.619476e-09	 0.000000e000	3145728	16212709216371000	{}
18796	85	1	81	2.45000004768371e-01	2.45000004768371e-01	1	1	 9.112882e-02	-3.919601e-04	 5.014624e-06	 0.000000e000	-1.619476e-09	 0.000000e000	3145728	16212709216407000	{}
18970	86	1	82	2.48699998855590e-01	2.48699998855590e-01	1	1	 9.112042e-02	-3.843307e-04	 5.014624e-06	 0.000000e000	-1.619476e-09	 0.000000e000	3145728	16212709216444000	{}
19144	87	1	83	2.50699996948242e-01	2.50699996948242e-01	1	1	 9.112042e-02	-3.843307e-04	 5.014624e-06	 0.000000e000	-1.619476e-09	 0.000000e000	3145728	16212709216464000	{}
19318	88	1	84	2.53900003433227e-01	2.53900003433227e-01	1	1	 9.111565e-02	-3.705024e-04	 5.014624e-06	 0.000000e000	-1.619476e-09	 0.000000e000	3145728	16212709216496000	{}
19492	89	1	85	2.57699990272521e-01	2.57699990272521e-01	1	1	 9.111428e-02	-3.833770e-04	 5.014624e-06	 0.000000e000	-1.619476e-09	 0.000000e000	3145728	16212709216534000	{}
19666	90	1	86	2.60199999809265e-01	2.60199999809265e-01	1	1	 9.111428e-02	-3.833770e-04	 5.014624e-06	 0.000000e000	-1.619476e-09	 0.000000e000	3145728	16212709216559000	{}
19840	91	1	87	2.63800001144409e-01	2.63800001144409e-01	1	1	 9.111428e-02	-3.833770e-04	 5.014624e-06	 0.000000e000	-1.619476e-09	 0.000000e000	3145728	16212709216595000	{}
20014	92	1	88	2.66700005531311e-01	2.66700005531311e-01	1	1	 9.111327e-02	-3.757476e-04	 5.014624e-06	 0.000000e000	-1.619476e-09	 0.000000e000	3145728	16212709216624000	{}
20188	93	1	89	2.69799995422363e-01	2.69799995422363e-01	1	1	 9.111255e-02	-3.728866e-04	 5.014624e-06	 0.000000e000	-1.619476e-09	 0.000000e000	3145728	16212709216655000	{}
20362	94	1	90	2.72700023651123e-01	2.72700023651123e-01	1	1	 9.111255e-02	-3.728866e-04	 5.014624e-06	 0.000000e000	-1.619476e-09	 0.000000e000	3145728	16212709216684000	{}
20536	95	1	91	2.76300001144409e-01	2.76300001144409e-01	1	1	 9.111088e-02	-3.690719e-04	 5.014624e-06	 0.000000e000	-1.619476e-09	 0.000000e000	3145728	16212709216720000	{}
20710	96	1	92	2.77999997138977e-01	2.77999997138977e-01	1	1	 9.111088e-02	-3.690719e-04	 5.014624e-06	 0.000000e000	-1.619476e-09	 0.000000e000	3145728	16212709216737000	{}
20884	97	1	93	2.82999992370605e-01	2.82999992370605e-01	1	1	 9.110933e-02	-3.647804e-04	 5.014624e-06	 0.000000e000	-1.619476e-09	 0.000000e000	3145728	16212709216787000	{}
21058	98	1	94	2.85100002288818e-01	2.85100002288818e-01	1	1	 9.110999e-02	-3.623962e-04	 5.014624e-06	 0.000000e000	-1.619476e-09	 0.000000e000	3145728	16212709216808000	{}
21232	99	1	95	2.88500022888183e-01	2.88500022888183e-01	1	1	 9.110999e-02	-3.623962e-04	 5.014624e-06	 0.000000e000	-1.619476e-09	 0.000000e000	3145728	16212709216842000	{}
21406	100	1	96	2.91599988937377e-01	2.91599988937377e-01	1	1	 9.110802e-02	-3.571510e-04	 5.014624e-06	 0.000000e000	-1.619476e-09	 0.000000e000	3145728	16212709216873000	{}
21581	101	1	97	2.94700002670288e-01	2.94700002670288e-01	1	1	 9.110802e-02	-3.571510e-04	 5.014624e-06	 0.000000e000	-1.619476e-09	 0.000000e000	3145728	16212709216904000	{}
21756	102	1	98	2.97399997711181e-01	2.97399997711181e-01	1	1	 9.110795e-02	-3.604888e-04	 5.014624e-06	 0.000000e000	-1.619476e-09	 0.000000e000	3145728	16212709216931000	{}
21931	103	1	99	3.01200008392333e-01	3.01200008392333e-01	1	1	 9.110718e-02	-3.666877e-04	 5.014624e-06	 0.000000e000	-1.619476e-09	 0.000000e000	3145728	16212709216969000	{}
22106	104	1	100	3.02799987792968e-01	3.02799987792968e-01	1	1	 9.110718e-02	-3.666877e-04	 5.014624e-06	 0.000000e000	-1.619476e-09	 0.000000e000	3145728	16212709216985000	{}
22282	105	1	101	3.07399988174438e-01	3.07399988174438e-01	1	1	 9.110784e-02	-3.652572e-04	 5.014624e-06	 0.000000e000	-1.619476e-09	 0.000000e000	3145728	16212709217031000	{}
22458	106	1	102	3.09200000762939e-01	3.09200000762939e-01	1	1	 9.110784e-02	-3.652572e-04	 5.014624e-06	 0.000000e000	-1.619476e-09	 0.000000e000	3145728	16212709217049000	{}
22634	107	1	103	3.13400006294250e-01	3.13400006294250e-01	1	1	 9.110647e-02	-3.657341e-04	 5.014624e-06	 0.000000e000	-1.619476e-09	 0.000000e000	3145728	16212709217091000	{}
22810	108	1	104	3.15499997138977e-01	3.15499997138977e-01	1	1	 9.110647e-02	-3.657341e-04	 5.014624e-06	 0.000000e000	-1.619476e-09	 0.000000e000	3145728	16212709217112000	{}
22986	109	1	105	3.18799996376037e-01	3.18799996376037e-01	1	1	 9.110593e-02	-3.423690e-04	 5.014624e-06	 0.000000e000	-1.619476e-09	 0.000000e000	3145728	16212709217145000	{}
23162	110	1	106	3.22499990463256e-01	3.22499990463256e-01	1	1	 9.110593e-02	-3.423690e-04	 5.014624e-06	 0.000000e000	-1.619476e-09	 0.000000e000	3145728	16212709217182000	{}
23338	111	1	107	3.25000000000000e-01	3.25000000000000e-01	1	1	 9.110611e-02	-3.404617e-04	 5.014624e-06	 0.000000e000	-1.619476e-09	 0.000000e000	3145728	16212709217207000	{}
23514	112	1	108	3.28500008583068e-01	3.28500008583068e-01	1	1	 9.110611e-02	-3.404617e-04	 5.014624e-06	 0.000000e000	-1.619476e-09	 0.000000e000	3145728	16212709217242000	{}
23690	113	1	109	3.31500005722045e-01	3.31500005722045e-01	1	1	 9.110509e-02	-3.523826e-04	 5.014624e-06	 0.000000e000	-1.619476e-09	 0.000000e000	3145728	16212709217272000	{}
23866	114	1	110	3.32999992370605e-01	3.32999992370605e-01	1	1	 9.110509e-02	-3.523826e-04	 5.014624e-06	 0.000000e000	-1.619476e-09	 0.000000e000	3145728	16212709217287000	{}
24042	115	1	111	3.37300014495849e-01	3.37300014495849e-01	1	1	 9.110575e-02	-3.514289e-04	 5.014624e-06	 0.000000e000	-1.619476e-09	 0.000000e000	3145728	16212709217330000	{}
24218	116	1	112	3.39700007438659e-01	3.39700007438659e-01	1	1	 9.110575e-02	-3.514289e-04	 5.014624e-06	 0.000000e000	-1.619476e-09	 0.000000e000	3145728	16212709217354000	{}
24394	117	1	113	3.42799997329711e-01	3.42799997329711e-01	1	1	 9.110421e-02	-3.585815e-04	 5.014624e-06	 0.000000e000	-1.619476e-09	 0.000000e000	3145728	16212709217385000	{}
24570	118	1	114	3.45600008964538e-01	3.45600008964538e-01	1	1	 9.110421e-02	-3.585815e-04	 5.014624e-06	 0.000000e000	-1.619476e-09	 0.000000e000	3145728	16212709217413000	{}
24746	119	1	115	3.49000000953674e-01	3.49000000953674e-01	1	1	 9.110414e-02	-3.542900e-04	 5.014624e-06	 0.000000e000	-1.619476e-09	 0.000000e000	3145728	16212709217447000	{}
24922	120	1	116	3.52200007438659e-01	3.52200007438659e-01	1	1	 9.110414e-02	-3.542900e-04	 8.613237e-06	 0.000000e000	-2.894428e-09	 0.000000e000	3145728	16212709217479000	{}
25098	121	1	117	3.55500006675720e-01	3.55500006675720e-01	1	1	 9.110414e-02	-3.619194e-04	 8.613237e-06	 0.000000e000	-2.894428e-09	 0.000000e000	3145728	16212709217512000	{}
25274	122	1	118	3.58099985122680e-01	3.58099985122680e-01	1	1	 9.110414e-02	-3.619194e-04	 8.613237e-06	 0.000000e000	-2.894428e-09	 0.000000e000	3145728	16212709217538000	{}
25450	123	1	119	3.61500000953674e-01	3.61500000953674e-01	1	1	 9.110414e-02	-3.657341e-04	 8.613237e-06	 0.000000e000	-2.894428e-09	 0.000000e000	3145728	16212709217572000	{}
25626	124	1	120	3.64499998092651e-01	3.64499998092651e-01	1	1	 9.110421e-02	-3.719329e-04	 8.613237e-06	 0.000000e000	-2.894428e-09	 0.000000e000	3145728	16212709217602000	{}
25802	125	1	121	3.66699981689453e-01	3.66699981689453e-01	1	1	 9.110421e-02	-3.719329e-04	 8.613237e-06	 0.000000e000	-2.894428e-09	 0.000000e000	3145728	16212709217624000	{}
25978	126	1	122	3.70499992370605e-01	3.70499992370605e-01	1	1	 9.110325e-02	-3.724098e-04	 8.613237e-06	 0.000000e000	-2.894428e-09	 0.000000e000	3145728	16212709217662000	{}
26154	127	1	123	3.73199987411499e-01	3.73199987411499e-01	1	1	 9.110325e-02	-3.724098e-04	 8.613237e-06	 0.000000e000	-2.894428e-09	 0.000000e000	3145728	16212709217689000	{}
26330	128	1	124	3.77400016784667e-01	3.77400016784667e-01	1	1	 9.110230e-02	-3.685951e-04	 8.613237e-06	 0.000000e000	-2.894428e-09	 0.000000e000	3145728	16212709217731000	{}
26506	129	1	125	3.79400014877319e-01	3.79400014877319e-01	1	1	 9.110230e-02	-3.685951e-04	 8.613237e-06	 0.000000e000	-2.894428e-09	 0.000000e000	3145728	16212709217751000	{}
26682	130	1	126	3.81900024414062e-01	3.81900024414062e-01	1	1	 9.110182e-02	-3.776550e-04	 8.613237e-06	 0.000000e000	-2.894428e-09	 0.000000e000	3145728	16212709217776000	{}
26858	131	1	127	3.85799999237060e-01	3.85799999237060e-01	1	1	 9.110182e-02	-3.776550e-04	 8.613237e-06	 0.000000e000	-2.894428e-09	 0.000000e000	3145728	16212709217815000	{}
27034	132	1	128	3.88299989700317e-01	3.88299989700317e-01	1	1	 9.110146e-02	-3.728866e-04	 8.613237e-06	 0.000000e000	-2.894428e-09	 0.000000e000	3145728	16212709217840000	{}
27210	133	1	129	3.91499996185302e-01	3.91499996185302e-01	1	1	 9.110146e-02	-3.728866e-04	 8.613237e-06	 0.000000e000	-2.894428e-09	 0.000000e000	3145728	16212709217872000	{}
27386	134	1	130	3.94799995422363e-01	3.94799995422363e-01	1	1	 9.110223e-02	-3.652572e-04	 8.613237e-06	 0.000000e000	-2.894428e-09	 0.000000e000	3145728	16212709217905000	{}
27562	135	1	131	3.97899990081787e-01	3.97899990081787e-01	1	1	 9.110111e-02	-3.595352e-04	 8.613237e-06	 0.000000e000	-2.894428e-09	 0.000000e000	3145728	16212709217936000	{}
27738	136	1	132	4.00600004196166e-01	4.00600004196166e-01	1	1	 9.110111e-02	-3.595352e-04	 8.613237e-06	 0.000000e000	-2.894428e-09	 0.000000e000	3145728	16212709217963000	{}
27914	137	1	133	4.04300022125244e-01	4.04300022125244e-01	1	1	 9.110093e-02	-3.561973e-04	 8.613237e-06	 0.000000e000	-2.894428e-09	 0.000000e000	3145728	16212709218000000	{}
28090	138	1	134	4.05800008773803e-01	4.05800008773803e-01	1	1	 9.110093e-02	-3.561973e-04	 8.613237e-06	 0.000000e000	-2.894428e-09	 0.000000e000	3145728	16212709218015000	{}
28266	139	1	135	4.10100030899047e-01	4.10100030899047e-01	1	1	 9.110063e-02	-3.743171e-04	 8.613237e-06	 0.000000e000	-2.894428e-09	 0.000000e000	3145728	16212709218058000	{}
28442	140	1	136	4.12200021743774e-01	4.12200021743774e-01	1	1	 9.110063e-02	-3.743171e-04	 8.613237e-06	 0.000000e000	-2.894428e-09	 0.000000e000	3145728	16212709218079000	{}
28618	141	1	137	4.16599988937377e-01	4.16599988937377e-01	1	1	 9.110039e-02	-3.705024e-04	 8.613237e-06	 0.000000e000	-2.894428e-09	 0.000000e000	3145728	16212709218123000	{}
28794	142	1	138	4.18700027465820e-01	4.18700027465820e-01	1	1	 9.110039e-02	-3.619194e-04	 8.613237e-06	 0.000000e000	-2.894428e-09	 0.000000e000	3145728	16212709218144000	{}
28970	143	1	139	4.21799993515014e-01	4.21799993515014e-01	1	1	 9.110039e-02	-3.619194e-04	 1.037957e-05	 0.000000e000	-3.533699e-09	 0.000000e000	3145728	16212709218175000	{}
29146	144	1	140	4.24699974060058e-01	4.24699974060058e-01	1	1	 9.110039e-02	-3.795623e-04	 1.037957e-05	 0.000000e000	-3.533699e-09	 0.000000e000	3145728	16212709218204000	{}
29322	145	1	141	4.28399991989135e-01	4.28399991989135e-01	1	1	 9.110039e-02	-3.795623e-04	 1.037957e-05	 0.000000e000	-3.533699e-09	 0.000000e000	3145728	16212709218241000	{}
29498	146	1	142	4.31199979782104e-01	4.31199979782104e-01	1	1	 9.110027e-02	-3.705024e-04	 1.037957e-05	 0.000000e000	-3.533699e-09	 0.000000e000	3145728	16212709218269000	{}
29674	147	1	143	4.34899997711181e-01	4.34899997711181e-01	1	1	 9.110027e-02	-3.705024e-04	 1.037957e-05	 0.000000e000	-3.533699e-09	 0.000000e000	3145728	16212709218306000	{}
29850	148	1	144	4.37099981307983e-01	4.37099981307983e-01	1	1	 9.109997e-02	-3.671646e-04	 1.037957e-05	 0.000000e000	-3.533699e-09	 0.000000e000	3145728	16212709218328000	{}
30026	149	1	145	4.40600013732910e-01	4.40600013732910e-01	1	1	 9.109997e-02	-3.671646e-04	 1.037957e-05	 0.000000e000	-3.533699e-09	 0.000000e000	3145728	16212709218363000	{}
30202	150	1	146	4.43499994277954e-01	4.43499994277954e-01	1	1	 9.110003e-02	-3.600120e-04	 1.095653e-05	 0.000000e000	-3.741414e-09	 0.000000e000	3145728	16212709218392000	{}
30378	151	1	147	4.46600008010864e-01	4.46600008010864e-01	1	1	 9.110003e-02	-3.600120e-04	 1.095653e-05	 0.000000e000	-3.741414e-09	 0.000000e000	3145728	16212709218423000	{}
30554	152	1	148	4.49900007247924e-01	4.49900007247924e-01	1	1	 9.109992e-02	-3.585815e-04	 1.095653e-05	 0.000000e000	-3.741414e-09	 0.000000e000	3145728	16212709218456000	{}
30730	153	1	149	4.51399993896484e-01	4.51399993896484e-01	1	1	 9.109992e-02	-3.585815e-04	 1.095653e-05	 0.000000e000	-3.741414e-09	 0.000000e000	3145728	16212709218471000	{}
30906	154	1	150	4.54600000381469e-01	4.54600000381469e-01	1	1	 9.109944e-02	-3.471374e-04	 1.095653e-05	 0.000000e000	-3.741414e-09	 0.000000e000	3145728	16212709218503000	{}
31082	155	1	151	4.58300018310546e-01	4.58300018310546e-01	1	1	 9.109944e-02	-3.471374e-04	 1.095653e-05	 0.000000e000	-3.741414e-09	 0.000000e000	3145728	16212709218540000	{}
31258	156	1	152	4.61000013351440e-01	4.61000013351440e-01	1	1	 9.109944e-02	-3.509521e-04	 1.095653e-05	 0.000000e000	-3.741414e-09	 0.000000e000	3145728	16212709218567000	{}
31434	157	1	153	4.64799976348876e-01	4.64799976348876e-01	1	1	 9.109955e-02	-3.514289e-04	 1.095653e-05	 0.000000e000	-3.741414e-09	 0.000000e000	3145728	16212709218605000	{}
31610	158	1	154	4.68300008773803e-01	4.68300008773803e-01	1	1	 9.109955e-02	-3.514289e-04	 1.095653e-05	 0.000000e000	-3.741414e-09	 0.000000e000	3145728	16212709218640000	{}
31786	159	1	155	4.69799995422363e-01	4.69799995422363e-01	1	1	 9.109920e-02	-3.461837e-04	 1.095653e-05	 0.000000e000	-3.741414e-09	 0.000000e000	3145728	16212709218655000	{}
31962	160	1	156	4.74000024795532e-01	4.74000024795532e-01	1	1	 9.109920e-02	-3.461837e-04	 1.095653e-05	 0.000000e000	-3.741414e-09	 0.000000e000	3145728	16212709218697000	{}
32138	161	1	157	4.76599979400634e-01	4.76599979400634e-01	1	1	 9.109908e-02	-3.423690e-04	 1.095653e-05	 0.000000e000	-3.741414e-09	 0.000000e000	3145728	16212709218723000	{}
32314	162	1	158	4.79899978637695e-01	4.79899978637695e-01	1	1	 9.109908e-02	-3.423690e-04	 1.095653e-05	 0.000000e000	-3.741414e-09	 0.000000e000	3145728	16212709218756000	{}
32490	163	1	159	4.83399963378906e-01	4.83399963378906e-01	1	1	 9.109902e-02	-3.437995e-04	 1.095653e-05	 0.000000e000	-3.741414e-09	 0.000000e000	3145728	16212709218791000	{}
32666	164	1	160	4.85099983215332e-01	4.85099983215332e-01	1	1	 9.109902e-02	-3.437995e-04	 1.095653e-05	 0.000000e000	-3.741414e-09	 0.000000e000	3145728	16212709218808000	{}
32842	165	1	161	4.89200019836425e-01	4.89200019836425e-01	1	1	 9.109794e-02	-3.499984e-04	 1.095653e-05	 0.000000e000	-3.741414e-09	 0.000000e000	2097152	16212709218849000	{}
33018	166	1	162	4.91400003433227e-01	4.91400003433227e-01	1	1	 9.109794e-02	-3.499984e-04	 1.095653e-05	 0.000000e000	-3.741414e-09	 0.000000e000	2097152	16212709218871000	{}
33194	167	1	163	4.94700002670288e-01	4.94700002670288e-01	1	1	 9.109812e-02	-3.533363e-04	 1.095653e-05	 0.000000e000	-3.741414e-09	 0.000000e000	2097152	16212709218904000	{}
33370	168	1	164	4.97599983215332e-01	4.97599983215332e-01	1	1	 9.109878e-02	-3.514289e-04	 1.095653e-05	 0.000000e000	-3.741414e-09	 0.000000e000	2097152	16212709218933000	{}
33546	169	1	165	5.01100015640258e-01	5.01100015640258e-01	1	1	 9.109878e-02	-3.514289e-04	 1.095653e-05	 0.000000e000	-3.741414e-09	 0.000000e000	2097152	16212709218968000	{}
33722	170	1	166	5.03900003433227e-01	5.03900003433227e-01	1	1	 9.109842e-02	-3.514289e-04	 1.095653e-05	 0.000000e000	-3.741414e-09	 0.000000e000	2097152	16212709218996000	{}
33898	171	1	167	5.07499980926513e-01	5.07499980926513e-01	1	1	 9.109842e-02	-3.514289e-04	 1.095653e-05	 0.000000e000	-3.741414e-09	 0.000000e000	2097152	16212709219032000	{}
34074	172	1	168	5.10099983215332e-01	5.10099983215332e-01	1	1	 9.109902e-02	-3.509521e-04	 1.095653e-05	 0.000000e000	-3.741414e-09	 0.000000e000	2097152	16212709219058000	{}
34250	173	1	169	5.12700033187866e-01	5.12700033187866e-01	1	1	 9.109902e-02	-3.509521e-04	 1.095653e-05	 0.000000e000	-3.741414e-09	 0.000000e000	2097152	16212709219084000	{}
34426	174	1	170	5.16200017929077e-01	5.16200017929077e-01	1	1	 9.109962e-02	-3.376007e-04	 1.095653e-05	 0.000000e000	-3.741414e-09	 0.000000e000	2097152	16212709219119000	{}
34602	175	1	171	5.19500017166137e-01	5.19500017166137e-01	1	1	 9.109962e-02	-3.376007e-04	 1.095653e-05	 0.000000e000	-3.741414e-09	 0.000000e000	2097152	16212709219152000	{}
34778	176	1	172	5.21799993515014e-01	5.21799993515014e-01	1	1	 9.109985e-02	-3.371238e-04	 1.095653e-05	 0.000000e000	-3.741414e-09	 0.000000e000	2097152	16212709219175000	{}
34954	177	1	173	5.25099992752075e-01	5.25099992752075e-01	1	1	 9.109992e-02	-3.471374e-04	 1.095653e-05	 0.000000e000	-3.741414e-09	 0.000000e000	2097152	16212709219208000	{}
35130	178	1	174	5.27800035476684e-01	5.27800035476684e-01	1	1	 9.109992e-02	-3.471374e-04	 1.095653e-05	 0.000000e000	-3.741414e-09	 0.000000e000	2097152	16212709219235000	{}
35306	179	1	175	5.31499958038330e-01	5.31499958038330e-01	1	1	 9.110027e-02	-3.376007e-04	 1.095653e-05	 0.000000e000	-3.741414e-09	 0.000000e000	2097152	16212709219272000	{}
35482	180	1	176	5.34399986267089e-01	5.34399986267089e-01	1	1	 9.110027e-02	-3.376007e-04	 1.095653e-05	 0.000000e000	-3.741414e-09	 0.000000e000	2097152	16212709219301000	{}
35658	181	1	177	5.37899971008300e-01	5.37899971008300e-01	1	1	 9.110051e-02	-3.285408e-04	 1.095653e-05	 0.000000e000	-3.741414e-09	 0.000000e000	2097152	16212709219336000	{}
35834	182	1	178	5.40400028228759e-01	5.40400028228759e-01	1	1	 9.110051e-02	-3.285408e-04	 1.095653e-05	 0.000000e000	-3.741414e-09	 0.000000e000	2097152	16212709219361000	{}
36010	183	1	179	5.44000053405761e-01	5.44000053405761e-01	1	1	 9.110098e-02	-3.366470e-04	 1.095653e-05	 0.000000e000	-3.741414e-09	 0.000000e000	2097152	16212709219397000	{}
36186	184	1	180	5.47399997711181e-01	5.47399997711181e-01	1	1	 9.110098e-02	-3.366470e-04	 1.095653e-05	 0.000000e000	-3.741414e-09	 0.000000e000	2097152	16212709219431000	{}
36362	185	1	181	5.49300003051757e-01	5.49300003051757e-01	1	1	 9.110135e-02	-3.314018e-04	 1.095653e-05	 0.000000e000	-3.741414e-09	 0.000000e000	2097152	16212709219450000	{}
36538	186	1	182	5.53299999237060e-01	5.53299999237060e-01	1	1	 9.110135e-02	-3.314018e-04	 1.095653e-05	 0.000000e000	-3.741414e-09	 0.000000e000	2097152	16212709219490000	{}
36714	187	1	183	5.55599975585937e-01	5.55599975585937e-01	1	1	 9.110158e-02	-3.356933e-04	 1.380599e-05	 0.000000e000	-4.697957e-09	 0.000000e000	2097152	16212709219513000	{}
36890	188	1	184	5.58599996566772e-01	5.58599996566772e-01	1	1	 9.110158e-02	-3.356933e-04	 1.380599e-05	 0.000000e000	-4.697957e-09	 0.000000e000	2097152	16212709219543000	{}
37066	189	1	185	5.61999988555908e-01	5.61999988555908e-01	1	1	 9.110206e-02	-3.352165e-04	 1.380599e-05	 0.000000e000	-4.697957e-09	 0.000000e000	2097152	16212709219577000	{}
37242	190	1	186	5.65199947357177e-01	5.65199947357177e-01	1	1	 9.110230e-02	-3.385543e-04	 1.380599e-05	 0.000000e000	-4.697957e-09	 0.000000e000	2097152	16212709219609000	{}
37418	191	1	187	5.68000030517578e-01	5.68000030517578e-01	1	1	 9.110230e-02	-3.385543e-04	 1.380599e-05	 0.000000e000	-4.697957e-09	 0.000000e000	2097152	16212709219637000	{}
37594	192	1	188	5.71500015258789e-01	5.71500015258789e-01	1	1	 9.110254e-02	-3.390312e-04	 1.380599e-05	 0.000000e000	-4.697957e-09	 0.000000e000	2097152	16212709219672000	{}
37770	193	1	189	5.73199987411499e-01	5.73199987411499e-01	1	1	 9.110254e-02	-3.390312e-04	 1.425138e-05	 0.000000e000	-4.848958e-09	 0.000000e000	2097152	16212709219689000	{}
37946	194	1	190	5.77899980545043e-01	5.77899980545043e-01	1	1	 9.110260e-02	-3.409385e-04	 1.425138e-05	 0.000000e000	-4.848958e-09	 0.000000e000	2097152	16212709219736000	{}
38122	195	1	191	5.79500007629394e-01	5.79500007629394e-01	1	1	 9.110260e-02	-3.409385e-04	 1.425138e-05	 0.000000e000	-4.848958e-09	 0.000000e000	2097152	16212709219752000	{}
38298	196	1	192	5.82600021362304e-01	5.82600021362304e-01	1	1	 9.110343e-02	-3.366470e-04	 1.425138e-05	 0.000000e000	-4.848958e-09	 0.000000e000	2097152	16212709219783000	{}
38474	197	1	193	5.86499977111816e-01	5.86499977111816e-01	1	1	 9.110343e-02	-3.366470e-04	 1.425138e-05	 0.000000e000	-4.848958e-09	 0.000000e000	2097152	16212709219822000	{}
38650	198	1	194	5.90100002288818e-01	5.90100002288818e-01	1	1	 9.110373e-02	-3.356933e-04	 1.425138e-05	 0.000000e000	-4.848958e-09	 0.000000e000	2097152	16212709219858000	{}
38826	199	1	195	5.92700004577636e-01	5.92700004577636e-01	1	1	 9.110325e-02	-3.328323e-04	 1.425138e-05	 0.000000e000	-4.848958e-09	 0.000000e000	2097152	16212709219884000	{}
39002	200	1	196	5.96300029754638e-01	5.96300029754638e-01	1	1	 9.110325e-02	-3.328323e-04	 1.425138e-05	 0.000000e000	-4.848958e-09	 0.000000e000	2097152	16212709219920000	{}
39178	201	1	197	5.99399995803833e-01	5.99399995803833e-01	1	1	 9.110373e-02	-3.318786e-04	 1.425138e-05	 0.000000e000	-4.848958e-09	 0.000000e000	2097152	16212709219951000	{}
39354	202	1	198	6.02500009536743e-01	6.02500009536743e-01	1	1	 9.110373e-02	-3.318786e-04	 1.425138e-05	 0.000000e000	-4.848958e-09	 0.000000e000	2097152	16212709219982000	{}
39530	203	1	199	6.05999994277954e-01	6.05999994277954e-01	1	1	 9.110391e-02	-3.285408e-04	 1.508144e-05	 0.000000e000	-5.121666e-09	 0.000000e000	2097152	16212709220017000	{}
39706	204	1	200	6.08799982070922e-01	6.08799982070922e-01	1	1	 9.110391e-02	-3.285408e-04	 1.508144e-05	 0.000000e000	-5.121666e-09	 0.000000e000	2097152	16212709220045000	{}
39882	205	1	201	6.12299966812133e-01	6.12299966812133e-01	1	1	 9.110450e-02	-3.371238e-04	 1.508144e-05	 0.000000e000	-5.121666e-09	 0.000000e000	2097152	16212709220080000	{}
40058	206	1	202	6.15100002288818e-01	6.15100002288818e-01	1	1	 9.110450e-02	-3.371238e-04	 1.508144e-05	 0.000000e000	-5.121666e-09	 0.000000e000	2097152	16212709220108000	{}
40234	207	1	203	6.19299983978271e-01	6.19299983978271e-01	1	1	 9.110403e-02	-3.266334e-04	 1.539271e-05	 0.000000e000	-5.223337e-09	 0.000000e000	2097152	16212709220150000	{}
40410	208	1	204	6.21099996566772e-01	6.21099996566772e-01	1	1	 9.110432e-02	-3.371238e-04	 1.539271e-05	 0.000000e000	-5.223337e-09	 0.000000e000	2097152	16212709220168000	{}
40586	209	1	205	6.24300003051757e-01	6.24300003051757e-01	1	1	 9.110432e-02	-3.371238e-04	 1.539271e-05	 0.000000e000	-5.223337e-09	 0.000000e000	2097152	16212709220200000	{}
40762	210	1	206	6.27099990844726e-01	6.27099990844726e-01	1	1	 9.110408e-02	-3.409385e-04	 1.539271e-05	 0.000000e000	-5.223337e-09	 0.000000e000	2097152	16212709220228000	{}
40938	211	1	207	6.30800008773803e-01	6.30800008773803e-01	1	1	 9.110408e-02	-3.409385e-04	 1.539271e-05	 0.000000e000	-5.223337e-09	 0.000000e000	2097152	16212709220265000	{}
41114	212	1	208	6.34299993515014e-01	6.34299993515014e-01	1	1	 9.110480e-02	-3.356933e-04	 1.539271e-05	 0.000000e000	-5.223337e-09	 0.000000e000	2097152	16212709220300000	{}
41290	213	1	209	6.37899971008300e-01	6.37899971008300e-01	1	1	 9.110527e-02	-3.490447e-04	 1.539271e-05	 0.000000e000	-5.223337e-09	 0.000000e000	2097152	16212709220336000	{}
41466	214	1	210	6.39500045776367e-01	6.39500045776367e-01	1	1	 9.110527e-02	-3.490447e-04	 1.539271e-05	 0.000000e000	-5.223337e-09	 0.000000e000	2097152	16212709220352000	{}
41642	215	1	211	6.43499946594238e-01	6.43499946594238e-01	1	1	 9.110527e-02	-3.490447e-04	 1.539271e-05	 0.000000e000	-5.223337e-09	 0.000000e000	2097152	16212709220392000	{}
41818	216	1	212	6.45800018310546e-01	6.45800018310546e-01	1	1	 9.110546e-02	-3.471374e-04	 1.539271e-05	 0.000000e000	-5.223337e-09	 0.000000e000	2097152	16212709220415000	{}
41994	217	1	213	6.50199985504150e-01	6.50199985504150e-01	1	1	 9.110593e-02	-3.452301e-04	 1.539271e-05	 0.000000e000	-5.223337e-09	 0.000000e000	2097152	16212709220459000	{}
42170	218	1	214	6.52499961853027e-01	6.52499961853027e-01	1	1	 9.110593e-02	-3.452301e-04	 1.539271e-05	 0.000000e000	-5.223337e-09	 0.000000e000	2097152	16212709220482000	{}
42346	219	1	215	6.55600023269653e-01	6.55600023269653e-01	1	1	 9.110630e-02	-3.461837e-04	 1.539271e-05	 0.000000e000	-5.223337e-09	 0.000000e000	2097152	16212709220513000	{}
42522	220	1	216	6.59100008010864e-01	6.59100008010864e-01	1	1	 9.110630e-02	-3.461837e-04	 1.539271e-05	 0.000000e000	-5.223337e-09	 0.000000e000	2097152	16212709220548000	{}
42698	221	1	217	6.61199998855590e-01	6.61199998855590e-01	1	1	 9.110641e-02	-3.490447e-04	 1.539271e-05	 0.000000e000	-5.223337e-09	 0.000000e000	2097152	16212709220569000	{}
42874	222	1	218	6.64300012588500e-01	6.64300012588500e-01	1	1	 9.110641e-02	-3.490447e-04	 1.539271e-05	 0.000000e000	-5.223337e-09	 0.000000e000	2097152	16212709220600000	{}
43050	223	1	219	6.75499963760375e-01	6.75499963760375e-01	1	1	 9.110665e-02	-3.480911e-04	 1.539271e-05	 0.000000e000	-5.223337e-09	 0.000000e000	2097152	16212709220712000	{}
43226	224	1	220	6.76999998092651e-01	6.76999998092651e-01	1	1	 9.110689e-02	-3.461837e-04	 1.539271e-05	 0.000000e000	-5.223337e-09	 0.000000e000	2097152	16212709220727000	{}
43402	225	1	221	6.80599975585937e-01	6.80599975585937e-01	1	1	 9.110689e-02	-3.461837e-04	 1.539271e-05	 0.000000e000	-5.223337e-09	 0.000000e000	2097152	16212709220763000	{}
43578	226	1	222	6.83700037002563e-01	6.83700037002563e-01	1	1	 9.110569e-02	-3.437995e-04	 1.539271e-05	 0.000000e000	-5.223337e-09	 0.000000e000	2097152	16212709220794000	{}
43754	227	1	223	6.85899972915649e-01	6.85899972915649e-01	1	1	 9.110569e-02	-3.437995e-04	 1.539271e-05	 0.000000e000	-5.223337e-09	 0.000000e000	2097152	16212709220816000	{}
43930	228	1	224	6.90299987792968e-01	6.90299987792968e-01	1	1	 9.110582e-02	-3.399848e-04	 1.539271e-05	 0.000000e000	-5.223337e-09	 0.000000e000	2097152	16212709220860000	{}
44106	229	1	225	6.92399978637695e-01	6.92399978637695e-01	1	1	 9.110582e-02	-3.399848e-04	 1.539271e-05	 0.000000e000	-5.223337e-09	 0.000000e000	2097152	16212709220881000	{}
44282	230	1	226	6.96099996566772e-01	6.96099996566772e-01	1	1	 9.110611e-02	-3.423690e-04	 1.539271e-05	 0.000000e000	-5.223337e-09	 0.000000e000	2097152	16212709220918000	{}
44458	231	1	227	6.99500036239624e-01	6.99500036239624e-01	1	1	 9.110707e-02	-3.457069e-04	 1.539271e-05	 0.000000e000	-5.223337e-09	 0.000000e000	2097152	16212709220952000	{}
44634	232	1	228	7.02600002288818e-01	7.02600002288818e-01	1	1	 9.110707e-02	-3.457069e-04	 1.539271e-05	 0.000000e000	-5.223337e-09	 0.000000e000	2097152	16212709220983000	{}
44810	233	1	229	7.05399990081787e-01	7.05399990081787e-01	1	1	 9.110718e-02	-3.418922e-04	 1.539271e-05	 0.000000e000	-5.223337e-09	 0.000000e000	2097152	16212709221011000	{}
44986	234	1	230	7.08400011062622e-01	7.08400011062622e-01	1	1	 9.110718e-02	-3.418922e-04	 1.539271e-05	 0.000000e000	-5.223337e-09	 0.000000e000	2097152	16212709221041000	{}
45162	235	1	231	7.10699987411499e-01	7.10699987411499e-01	1	1	 9.110754e-02	-3.409385e-04	 1.539271e-05	 0.000000e000	-5.223337e-09	 0.000000e000	2097152	16212709221064000	{}
45338	236	1	232	7.14699983596801e-01	7.14699983596801e-01	1	1	 9.110754e-02	-3.409385e-04	 1.539271e-05	 0.000000e000	-5.223337e-09	 0.000000e000	2097152	16212709221104000	{}
45514	237	1	233	7.17100048065185e-01	7.17100048065185e-01	1	1	 9.110784e-02	-3.409385e-04	 1.539271e-05	 0.000000e000	-5.223337e-09	 0.000000e000	2097152	16212709221128000	{}
45690	238	1	234	7.21499967575073e-01	7.21499967575073e-01	1	1	 9.110814e-02	-3.423690e-04	 1.539271e-05	 0.000000e000	-5.223337e-09	 0.000000e000	2097152	16212709221172000	{}
45866	239	1	235	7.23500013351440e-01	7.23500013351440e-01	1	1	 9.110814e-02	-3.423690e-04	 1.539271e-05	 0.000000e000	-5.223337e-09	 0.000000e000	2097152	16212709221192000	{}
46042	240	1	236	7.26800012588500e-01	7.26800012588500e-01	1	1	 9.110837e-02	-3.528594e-04	 1.539271e-05	 0.000000e000	-5.223337e-09	 0.000000e000	2097152	16212709221225000	{}
46218	241	1	237	7.29399967193603e-01	7.29399967193603e-01	1	1	 9.110837e-02	-3.528594e-04	 1.539271e-05	 0.000000e000	-5.223337e-09	 0.000000e000	2097152	16212709221251000	{}
46394	242	1	238	7.32999992370605e-01	7.32999992370605e-01	1	1	 9.110826e-02	-3.371238e-04	 1.539271e-05	 0.000000e000	-5.223337e-09	 0.000000e000	2097152	16212709221287000	{}
46570	243	1	239	7.35800027847290e-01	7.35800027847290e-01	1	1	 9.110826e-02	-3.371238e-04	 1.539271e-05	 0.000000e000	-5.223337e-09	 0.000000e000	2097152	16212709221315000	{}
46746	244	1	240	7.38600015640258e-01	7.38600015640258e-01	1	1	 9.110826e-02	-3.371238e-04	 1.539271e-05	 0.000000e000	-5.223337e-09	 0.000000e000	2097152	16212709221343000	{}
46922	245	1	241	7.42000007629394e-01	7.42000007629394e-01	1	1	 9.110826e-02	-3.371238e-04	 1.539271e-05	 0.000000e000	-5.223337e-09	 0.000000e000	2097152	16212709221377000	{}
47098	246	1	242	7.43499994277954e-01	7.43499994277954e-01	1	1	 9.110933e-02	-3.376007e-04	 1.539271e-05	 0.000000e000	-5.223337e-09	 0.000000e000	2097152	16212709221392000	{}
47274	247	1	243	7.47399997711181e-01	7.47399997711181e-01	1	1	 9.110933e-02	-3.376007e-04	 1.539271e-05	 0.000000e000	-5.223337e-09	 0.000000e000	2097152	16212709221431000	{}
47450	248	1	244	7.50800037384033e-01	7.50800037384033e-01	1	1	 9.111011e-02	-3.352165e-04	 1.539271e-05	 0.000000e000	-5.223337e-09	 0.000000e000	2097152	16212709221465000	{}
47626	249	1	245	7.53400039672851e-01	7.53400039672851e-01	1	1	 9.111011e-02	-3.352165e-04	 1.879921e-05	 0.000000e000	-6.365255e-09	 0.000000e000	2097152	16212709221491000	{}
47802	250	1	246	7.57200002670288e-01	7.57200002670288e-01	1	1	 9.111028e-02	-3.299713e-04	 1.879921e-05	 0.000000e000	-6.365255e-09	 0.000000e000	2097152	16212709221529000	{}
47978	251	1	247	7.58699989318847e-01	7.58699989318847e-01	1	1	 9.111028e-02	-3.299713e-04	 1.879921e-05	 0.000000e000	-6.365255e-09	 0.000000e000	2097152	16212709221544000	{}
48154	252	1	248	7.62899971008300e-01	7.62899971008300e-01	1	1	 9.111070e-02	-3.390312e-04	 1.879921e-05	 0.000000e000	-6.365255e-09	 0.000000e000	2097152	16212709221586000	{}
48330	253	1	249	7.65999984741210e-01	7.65999984741210e-01	1	1	 9.111112e-02	-3.461837e-04	 1.879921e-05	 0.000000e000	-6.365255e-09	 0.000000e000	2097152	16212709221617000	{}
48506	254	1	250	7.68300008773803e-01	7.68300008773803e-01	1	1	 9.111112e-02	-3.461837e-04	 1.879921e-05	 0.000000e000	-6.365255e-09	 0.000000e000	2097152	16212709221640000	{}
48682	255	1	251	7.73099994659423e-01	7.73099994659423e-01	1	1	 9.111142e-02	-3.571510e-04	 1.879921e-05	 0.000000e000	-6.365255e-09	 0.000000e000	2097152	16212709221688000	{}
48858	256	1	252	7.74800014495849e-01	7.74800014495849e-01	1	1	 9.111142e-02	-3.571510e-04	 1.879921e-05	 0.000000e000	-6.365255e-09	 0.000000e000	2097152	16212709221705000	{}
49034	257	1	253	7.78800010681152e-01	7.78800010681152e-01	1	1	 9.111171e-02	-3.705024e-04	 1.879921e-05	 0.000000e000	-6.365255e-09	 0.000000e000	2097152	16212709221745000	{}
49210	258	1	254	7.81300020217895e-01	7.81300020217895e-01	1	1	 9.111171e-02	-3.705024e-04	 1.879921e-05	 0.000000e000	-6.365255e-09	 0.000000e000	2097152	16212709221770000	{}
49386	259	1	255	7.85500001907348e-01	7.85500001907348e-01	1	1	 9.111202e-02	-3.652572e-04	 1.879921e-05	 0.000000e000	-6.365255e-09	 0.000000e000	2097152	16212709221812000	{}
49562	260	1	256	7.87400007247924e-01	7.87400007247924e-01	1	1	 9.111202e-02	-3.652572e-04	 1.879921e-05	 0.000000e000	-6.365255e-09	 0.000000e000	2097152	16212709221831000	{}
49738	261	1	257	7.90700006484985e-01	7.90700006484985e-01	1	1	 9.111249e-02	-3.571510e-04	 1.879921e-05	 0.000000e000	-6.365255e-09	 0.000000e000	2097152	16212709221864000	{}
49914	262	1	258	7.93499994277954e-01	7.93499994277954e-01	1	1	 9.111249e-02	-3.571510e-04	 1.879921e-05	 0.000000e000	-6.365255e-09	 0.000000e000	2097152	16212709221892000	{}
50090	263	1	259	7.96999979019165e-01	7.96999979019165e-01	1	1	 9.111285e-02	-3.542900e-04	 1.879921e-05	 0.000000e000	-6.365255e-09	 0.000000e000	2097152	16212709221927000	{}
50266	264	1	260	8.00300025939941e-01	8.00300025939941e-01	1	1	 9.111285e-02	-3.542900e-04	 1.879921e-05	 0.000000e000	-6.365255e-09	 0.000000e000	2097152	16212709221960000	{}
50442	265	1	261	8.03499984741210e-01	8.03499984741210e-01	1	1	 9.111314e-02	-3.542900e-04	 1.879921e-05	 0.000000e000	-6.365255e-09	 0.000000e000	2097152	16212709221992000	{}
50618	266	1	262	8.05999946594238e-01	8.05999946594238e-01	1	1	 9.111314e-02	-3.542900e-04	 1.879921e-05	 0.000000e000	-6.365255e-09	 0.000000e000	2097152	16212709222017000	{}
50794	267	1	263	8.09499931335449e-01	8.09499931335449e-01	1	1	 9.111338e-02	-3.547668e-04	 1.879921e-05	 0.000000e000	-6.365255e-09	 0.000000e000	2097152	16212709222052000	{}
50970	268	1	264	8.11499977111816e-01	8.11499977111816e-01	1	1	 9.111332e-02	-3.566741e-04	 1.879921e-05	 0.000000e000	-6.365255e-09	 0.000000e000	2097152	16212709222072000	{}
51146	269	1	265	8.14800071716308e-01	8.14800071716308e-01	1	1	 9.111332e-02	-3.566741e-04	 1.879921e-05	 0.000000e000	-6.365255e-09	 0.000000e000	2097152	16212709222105000	{}
51322	270	1	266	8.18700027465820e-01	8.18700027465820e-01	1	1	 9.111351e-02	-3.514289e-04	 2.047216e-05	 0.000000e000	-6.953177e-09	 0.000000e000	2097152	16212709222144000	{}
51498	271	1	267	8.21199989318847e-01	8.21199989318847e-01	1	1	 9.111351e-02	-3.514289e-04	 2.047216e-05	 0.000000e000	-6.953177e-09	 0.000000e000	2097152	16212709222169000	{}
51674	272	1	268	8.24199962615966e-01	8.24199962615966e-01	1	1	 9.111380e-02	-3.619194e-04	 2.047216e-05	 0.000000e000	-6.953177e-09	 0.000000e000	2097152	16212709222199000	{}
51850	273	1	269	8.27099990844726e-01	8.27099990844726e-01	1	1	 9.111380e-02	-3.619194e-04	 2.047216e-05	 0.000000e000	-6.953177e-09	 0.000000e000	2097152	16212709222228000	{}
52026	274	1	270	8.30700016021728e-01	8.30700016021728e-01	1	1	 9.111398e-02	-3.600120e-04	 2.047216e-05	 0.000000e000	-6.953177e-09	 0.000000e000	2097152	16212709222264000	{}
52202	275	1	271	8.34099960327148e-01	8.34099960327148e-01	1	1	 9.111433e-02	-3.657341e-04	 2.047216e-05	 0.000000e000	-6.953177e-09	 0.000000e000	2097152	16212709222298000	{}
52378	276	1	272	8.36399936676025e-01	8.36399936676025e-01	1	1	 9.111433e-02	-3.657341e-04	 2.047216e-05	 0.000000e000	-6.953177e-09	 0.000000e000	2097152	16212709222321000	{}
52554	277	1	273	8.38800048828125e-01	8.38800048828125e-01	1	1	 9.111457e-02	-3.671646e-04	 2.047216e-05	 0.000000e000	-6.953177e-09	 0.000000e000	2097152	16212709222345000	{}
52730	278	1	274	8.42499923706054e-01	8.42499923706054e-01	1	1	 9.111457e-02	-3.671646e-04	 2.047216e-05	 0.000000e000	-6.953177e-09	 0.000000e000	2097152	16212709222382000	{}
52906	279	1	275	8.45000076293945e-01	8.45000076293945e-01	1	1	 9.111475e-02	-3.671646e-04	 2.047216e-05	 0.000000e000	-6.953177e-09	 0.000000e000	2097152	16212709222407000	{}
53082	280	1	276	8.48600006103515e-01	8.48600006103515e-01	1	1	 9.111475e-02	-3.671646e-04	 2.117577e-05	 0.000000e000	-7.211515e-09	 0.000000e000	2097152	16212709222443000	{}
53258	281	1	277	8.51599979400634e-01	8.51599979400634e-01	1	1	 9.111505e-02	-3.566741e-04	 2.117577e-05	 0.000000e000	-7.211515e-09	 0.000000e000	2097152	16212709222473000	{}
53434	282	1	278	8.54800033569335e-01	8.54800033569335e-01	1	1	 9.111505e-02	-3.566741e-04	 2.117577e-05	 0.000000e000	-7.211515e-09	 0.000000e000	2097152	16212709222505000	{}
53610	283	1	279	8.57400035858154e-01	8.57400035858154e-01	1	1	 9.111558e-02	-3.499984e-04	 2.117577e-05	 0.000000e000	-7.211515e-09	 0.000000e000	2097152	16212709222531000	{}
53786	284	1	280	8.61100006103515e-01	8.61100006103515e-01	1	1	 9.111558e-02	-3.499984e-04	 2.117577e-05	 0.000000e000	-7.211515e-09	 0.000000e000	2097152	16212709222568000	{}
53962	285	1	281	8.62699985504150e-01	8.62699985504150e-01	1	1	 9.111589e-02	-3.480911e-04	 2.117577e-05	 0.000000e000	-7.211515e-09	 0.000000e000	2097152	16212709222584000	{}
54138	286	1	282	8.67600059509277e-01	8.67600059509277e-01	1	1	 9.111606e-02	-3.423690e-04	 2.117577e-05	 0.000000e000	-7.211515e-09	 0.000000e000	2097152	16212709222633000	{}
54314	287	1	283	8.69000053405761e-01	8.69000053405761e-01	1	1	 9.111606e-02	-3.423690e-04	 2.117577e-05	 0.000000e000	-7.211515e-09	 0.000000e000	2097152	16212709222647000	{}
54490	288	1	284	8.73399925231933e-01	8.73399925231933e-01	1	1	 9.111637e-02	-3.595352e-04	 2.117577e-05	 0.000000e000	-7.211515e-09	 0.000000e000	2097152	16212709222691000	{}
54666	289	1	285	8.75500011444091e-01	8.75500011444091e-01	1	1	 9.111637e-02	-3.595352e-04	 2.117577e-05	 0.000000e000	-7.211515e-09	 0.000000e000	2097152	16212709222712000	{}
54842	290	1	286	8.79500007629394e-01	8.79500007629394e-01	1	1	 9.111666e-02	-3.685951e-04	 2.117577e-05	 0.000000e000	-7.211515e-09	 0.000000e000	2097152	16212709222752000	{}
55018	291	1	287	8.82200050354003e-01	8.82200050354003e-01	1	1	 9.111666e-02	-3.685951e-04	 2.205656e-05	 0.000000e000	-7.536172e-09	 0.000000e000	2097152	16212709222779000	{}
55194	292	1	288	8.85900020599365e-01	8.85900020599365e-01	1	1	 9.111690e-02	-3.762245e-04	 2.205656e-05	 0.000000e000	-7.536172e-09	 0.000000e000	2097152	16212709222816000	{}
55370	293	1	289	8.87500000000000e-01	8.87500000000000e-01	1	1	 9.111690e-02	-3.762245e-04	 2.205656e-05	 0.000000e000	-7.536172e-09	 0.000000e000	2097152	16212709222832000	{}
55546	294	1	290	8.91699981689453e-01	8.91699981689453e-01	1	1	 9.111714e-02	-3.833770e-04	 2.205656e-05	 0.000000e000	-7.536172e-09	 0.000000e000	2097152	16212709222874000	{}
55722	295	1	291	8.93799972534179e-01	8.93799972534179e-01	1	1	 9.111714e-02	-3.833770e-04	 2.205656e-05	 0.000000e000	-7.536172e-09	 0.000000e000	2097152	16212709222895000	{}
55898	296	1	292	8.98299980163574e-01	8.98299980163574e-01	1	1	 9.111690e-02	-3.848075e-04	 2.205656e-05	 0.000000e000	-7.536172e-09	 0.000000e000	2097152	16212709222940000	{}
56074	297	1	293	9.00500011444091e-01	9.00500011444091e-01	1	1	 9.111720e-02	-3.871917e-04	 2.205656e-05	 0.000000e000	-7.536172e-09	 0.000000e000	2097152	16212709222962000	{}
56250	298	1	294	9.03499984741210e-01	9.03499984741210e-01	1	1	 9.111720e-02	-3.871917e-04	 2.205656e-05	 0.000000e000	-7.536172e-09	 0.000000e000	2097152	16212709222992000	{}
56426	299	1	295	9.07100009918212e-01	9.07100009918212e-01	1	1	 9.111732e-02	-3.809928e-04	 2.205656e-05	 0.000000e000	-7.536172e-09	 0.000000e000	2097152	16212709223028000	{}
56602	300	1	296	9.09099960327148e-01	9.09099960327148e-01	1	1	 9.111732e-02	-3.809928e-04	 2.205656e-05	 0.000000e000	-7.536172e-09	 0.000000e000	2097152	16212709223048000	{}
56778	301	1	297	9.12199974060058e-01	9.12199974060058e-01	1	1	 9.111684e-02	-3.690719e-04	 2.205656e-05	 0.000000e000	-7.536172e-09	 0.000000e000	2097152	16212709223079000	{}
56954	302	1	298	9.16199970245361e-01	9.16199970245361e-01	1	1	 9.111684e-02	-3.690719e-04	 2.205656e-05	 0.000000e000	-7.536172e-09	 0.000000e000	2097152	16212709223119000	{}
57130	303	1	299	9.17899990081787e-01	9.17899990081787e-01	1	1	 9.111696e-02	-3.705024e-04	 2.205656e-05	 0.000000e000	-7.536172e-09	 0.000000e000	2097152	16212709223136000	{}
57306	304	2	1	2.00000023841857e-03	2.00000023841857e-03	1	1							3670017	16212709213977000	{"MV_UD1":0.0}
57414	305	2	1	2.00000023841857e-03	2.00000023841857e-03	1	1							3670017	16212709213977000	{"MV_UD2":0.0}
57522	306	2	1	2.00000023841857e-03	2.00000023841857e-03	1	1							3670017	16212709213977000	{"MV_UD3":0.0}
57630	307	2	1	2.00000023841857e-03	2.00000023841857e-03	1	1							3670017	16212709213977000	{"MV_UD4":0.0}
57738	308	2	1	2.00000023841857e-03	2.00000023841857e-03	1	1							3670017	16212709213977000	{"MV_UD5":0.0}
57846	309	2	1	2.00000023841857e-03	2.00000023841857e-03	1	1							3670017	16212709213977000	{"MV_UD6":0.0}
57954	310	2	1	2.00000023841857e-03	2.00000023841857e-03	1	1							3670017	16212709213977000	{"MV_UD7":0.0}
58062	311	2	1	2.00000023841857e-03	2.00000023841857e-03	1	1							3670017	16212709213977000	{"MV_UD8":0.0}
58170	312	2	1	2.00000023841857e-03	2.00000023841857e-03	1	1							3670017	16212709213977000	{"MV_UD9":0.0}
58278	313	2	1	2.00000023841857e-03	2.00000023841857e-03	1	1							3670017	16212709213977000	{"MV_UD10":0.0}
58387	314	2	1	2.00000023841857e-03	2.00000023841857e-03	1	1							3670017	16212709213977000	{"MV_UD11":0.0}
58496	315	2	1	2.00000023841857e-03	2.00000023841857e-03	1	1							3670017	16212709213977000	{"MV_UD12":0.0}
58605	316	2	1	2.00000023841857e-03	2.00000023841857e-03	1	1							3670017	16212709213977000	{"MV_UD13":0.0}
58714	317	2	1	2.00000023841857e-03	2.00000023841857e-03	1	1							3670017	16212709213977000	{"MV_UD14":0.0}
58823	318	2	1	2.00000023841857e-03	2.00000023841857e-03	1	1							3670017	16212709213977000	{"MV_UD15":0.0}
58932	319	2	1	2.00000023841857e-03	2.00000023841857e-03	1	1							3670017	16212709213977000	{"MV_UD16":0.0}
59041	320	3												0	16212709216137000	{"V_001": 1.304821e001,"dVdt_001":-5.619815e-04,"V_002": 1.307741e001,"dVdt_002": 6.781014e-04,"V_003": 1.297401e001,"dVdt_003": 2.969332e-04,"V_004": 1.305483e001,"dVdt_004": 4.221212e-04,"V_005": 1.302648e001,"dVdt_005":-1.830378e-04,"V_006": 1.309403e001,"dVdt_006":-3.613824e-04,"V_007": 1.304747e001,"dVdt_007":-2.196454e-04,"V_008": 1.310387e001,"dVdt_008":-6.559913e-04,"V_009": 1.315612e001,"dVdt_009": 6.621952e-04,"V_010": 1.300656e001,"dVdt_010":-1.463150e-04,"V_011": 1.306011e001,"dVdt_011": 5.408591e-04,"V_012": 1.314607e001,"dVdt_012": 8.396245e-04,"V_013": 1.318075e001,"dVdt_013": 1.244210e-03,"V_014": 1.302041e001,"dVdt_014": 1.140722e-03,"V_015": 1.309714e001,"dVdt_015": 7.423418e-04,"V_016": 1.316729e001,"dVdt_016": 4.527886e-04}
59839	321	3												0	16212709216656000	{"V_001": 1.304942e001,"dVdt_001":-5.619815e-04,"V_002": 1.307878e001,"dVdt_002": 6.781014e-04,"V_003": 1.297531e001,"dVdt_003": 2.969332e-04,"V_004": 1.305596e001,"dVdt_004": 4.221212e-04,"V_005": 1.302748e001,"dVdt_005":-1.830378e-04,"V_006": 1.309513e001,"dVdt_006":-3.613824e-04,"V_007": 1.304885e001,"dVdt_007":-2.196454e-04,"V_008": 1.310513e001,"dVdt_008":-6.559913e-04,"V_009": 1.315735e001,"dVdt_009": 6.621952e-04,"V_010": 1.300790e001,"dVdt_010":-1.463150e-04,"V_011": 1.306136e001,"dVdt_011": 5.408591e-04,"V_012": 1.314736e001,"dVdt_012": 8.396245e-04,"V_013": 1.318180e001,"dVdt_013": 1.244210e-03,"V_014": 1.302146e001,"dVdt_014": 1.140722e-03,"V_015": 1.309852e001,"dVdt_015": 7.423418e-04,"V_016": 1.316841e001,"dVdt_016": 4.527886e-04}
60637	322	3												0	16212709217182000	{"V_001": 1.304857e001,"dVdt_001": 1.966240e-04,"V_002": 1.307788e001,"dVdt_002": 6.781014e-04,"V_003": 1.297450e001,"dVdt_003": 2.969332e-04,"V_004": 1.305512e001,"dVdt_004": 4.221212e-04,"V_005": 1.302662e001,"dVdt_005":-1.830378e-04,"V_006": 1.309430e001,"dVdt_006":-3.613824e-04,"V_007": 1.304789e001,"dVdt_007":-2.196454e-04,"V_008": 1.310406e001,"dVdt_008":-6.559913e-04,"V_009": 1.315653e001,"dVdt_009": 6.621952e-04,"V_010": 1.300694e001,"dVdt_010":-1.463150e-04,"V_011": 1.306045e001,"dVdt_011": 5.408591e-04,"V_012": 1.314635e001,"dVdt_012": 8.396245e-04,"V_013": 1.318088e001,"dVdt_013": 1.244210e-03,"V_014": 1.302071e001,"dVdt_014": 1.140722e-03,"V_015": 1.309751e001,"dVdt_015": 7.423418e-04,"V_016": 1.316740e001,"dVdt_016": 4.527886e-04}
61435	323	3												0	16212709217689000	{"V_001": 1.304842e001,"dVdt_001": 1.966240e-04,"V_002": 1.307771e001,"dVdt_002": 6.781014e-04,"V_003": 1.297419e001,"dVdt_003": 2.969332e-04,"V_004": 1.305502e001,"dVdt_004": 4.221212e-04,"V_005": 1.302644e001,"dVdt_005":-1.830378e-04,"V_006": 1.309401e001,"dVdt_006":-3.613824e-04,"V_007": 1.304784e001,"dVdt_007":-2.196454e-04,"V_008": 1.310395e001,"dVdt_008":-6.559913e-04,"V_009": 1.315715e001,"dVdt_009": 6.621952e-04,"V_010": 1.300772e001,"dVdt_010":-1.463150e-04,"V_011": 1.306102e001,"dVdt_011": 5.408591e-04,"V_012": 1.314708e001,"dVdt_012": 8.396245e-04,"V_013": 1.318161e001,"dVdt_013": 1.244210e-03,"V_014": 1.302121e001,"dVdt_014":-1.563820e-03,"V_015": 1.309837e001,"dVdt_015":-9.800493e-04,"V_016": 1.316739e001,"dVdt_016":-4.335313e-04}
62233	324	3												0	16212709218204000	{"V_001": 1.304831e001,"dVdt_001": 1.966240e-04,"V_002": 1.307762e001,"dVdt_002": 6.781014e-04,"V_003": 1.297415e001,"dVdt_003": 2.969332e-04,"V_004": 1.305479e001,"dVdt_004": 4.221212e-04,"V_005": 1.302648e001,"dVdt_005": 8.547438e-04,"V_006": 1.309406e001,"dVdt_006": 1.148651e-03,"V_007": 1.304755e001,"dVdt_007": 6.530719e-04,"V_008": 1.310401e001,"dVdt_008": 1.338589e-03,"V_009": 1.315744e001,"dVdt_009": 6.621952e-04,"V_010": 1.300770e001,"dVdt_010":-9.190674e-04,"V_011": 1.306023e001,"dVdt_011":-1.415337e-03,"V_012": 1.314613e001,"dVdt_012": 8.396245e-04,"V_013": 1.318057e001,"dVdt_013": 1.244210e-03,"V_014": 1.302034e001,"dVdt_014":-1.563820e-03,"V_015": 1.309736e001,"dVdt_015":-9.800493e-04,"V_016": 1.316724e001,"dVdt_016":-4.335313e-04}
63031	325	3												0	16212709218723000	{"V_001": 1.304833e001,"dVdt_001": 1.966240e-04,"V_002": 1.307750e001,"dVdt_002":-2.021622e-04,"V_003": 1.297437e001,"dVdt_003": 2.969332e-04,"V_004": 1.305479e001,"dVdt_004": 4.221212e-04,"V_005": 1.302643e001,"dVdt_005": 8.547438e-04,"V_006": 1.309423e001,"dVdt_006": 1.148651e-03,"V_007": 1.304781e001,"dVdt_007": 6.530719e-04,"V_008": 1.310389e001,"dVdt_008": 1.338589e-03,"V_009": 1.315636e001,"dVdt_009": 6.621952e-04,"V_010": 1.300681e001,"dVdt_010":-9.190674e-04,"V_011": 1.306015e001,"dVdt_011":-1.415337e-03,"V_012": 1.314631e001,"dVdt_012":-1.573685e-03,"V_013": 1.318053e001,"dVdt_013": 1.244210e-03,"V_014": 1.302037e001,"dVdt_014":-1.563820e-03,"V_015": 1.309724e001,"dVdt_015":-9.800493e-04,"V_016": 1.316726e001,"dVdt_016":-4.335313e-04}
63829	326	3												0	16212709219236000	{"V_001": 1.304825e001,"dVdt_001": 1.966240e-04,"V_002": 1.307760e001,"dVdt_002":-2.021622e-04,"V_003": 1.297424e001,"dVdt_003":-1.690490e-03,"V_004": 1.305491e001,"dVdt_004": 2.282731e-04,"V_005": 1.302634e001,"dVdt_005": 8.547438e-04,"V_006": 1.309400e001,"dVdt_006": 1.148651e-03,"V_007": 1.304765e001,"dVdt_007": 6.530719e-04,"V_008": 1.310383e001,"dVdt_008": 1.338589e-03,"V_009": 1.315631e001,"dVdt_009": 6.621952e-04,"V_010": 1.300685e001,"dVdt_010":-9.190674e-04,"V_011": 1.306022e001,"dVdt_011":-1.415337e-03,"V_012": 1.314620e001,"dVdt_012":-1.573685e-03,"V_013": 1.318075e001,"dVdt_013": 1.244210e-03,"V_014": 1.302044e001,"dVdt_014":-1.563820e-03,"V_015": 1.309747e001,"dVdt_015":-9.800493e-04,"V_016": 1.316725e001,"dVdt_016":-4.335313e-04}
64627	327	3												0	16212709219737000	{"V_001": 1.304826e001,"dVdt_001": 1.966240e-04,"V_002": 1.307752e001,"dVdt_002":-2.021622e-04,"V_003": 1.297432e001,"dVdt_003":-1.690490e-03,"V_004": 1.305488e001,"dVdt_004": 2.282731e-04,"V_005": 1.302638e001,"dVdt_005": 8.547438e-04,"V_006": 1.309412e001,"dVdt_006": 1.148651e-03,"V_007": 1.304776e001,"dVdt_007": 6.530719e-04,"V_008": 1.310421e001,"dVdt_008": 1.338589e-03,"V_009": 1.315629e001,"dVdt_009": 6.621952e-04,"V_010": 1.300675e001,"dVdt_010":-9.190674e-04,"V_011": 1.306023e001,"dVdt_011":-1.415337e-03,"V_012": 1.314628e001,"dVdt_012":-1.573685e-03,"V_013": 1.318071e001,"dVdt_013":-1.441103e-03,"V_014": 1.302049e001,"dVdt_014":-1.563820e-03,"V_015": 1.309743e001,"dVdt_015":-9.800493e-04,"V_016": 1.316741e001,"dVdt_016":-4.335313e-04}
65425	328	3												0	16212709220265000	{"V_001": 1.304784e001,"dVdt_001": 1.966240e-04,"V_002": 1.307703e001,"dVdt_002":-2.021622e-04,"V_003": 1.297372e001,"dVdt_003":-1.690490e-03,"V_004": 1.305444e001,"dVdt_004": 2.282731e-04,"V_005": 1.302594e001,"dVdt_005": 8.547438e-04,"V_006": 1.309365e001,"dVdt_006": 1.148651e-03,"V_007": 1.304718e001,"dVdt_007": 6.530719e-04,"V_008": 1.310327e001,"dVdt_008": 1.338589e-03,"V_009": 1.315576e001,"dVdt_009": 6.621952e-04,"V_010": 1.300636e001,"dVdt_010":-9.190674e-04,"V_011": 1.305959e001,"dVdt_011":-1.415337e-03,"V_012": 1.314584e001,"dVdt_012":-1.573685e-03,"V_013": 1.318033e001,"dVdt_013":-1.441103e-03,"V_014": 1.301988e001,"dVdt_014":-1.563820e-03,"V_015": 1.309692e001,"dVdt_015":-9.800493e-04,"V_016": 1.316684e001,"dVdt_016":-4.335313e-04}
66223	329	3												0	16212709220795000	{"V_001": 1.304798e001,"dVdt_001": 1.966240e-04,"V_002": 1.307723e001,"dVdt_002":-2.021622e-04,"V_003": 1.297390e001,"dVdt_003":-1.690490e-03,"V_004": 1.305450e001,"dVdt_004": 2.282731e-04,"V_005": 1.302611e001,"dVdt_005": 8.547438e-04,"V_006": 1.309379e001,"dVdt_006": 1.148651e-03,"V_007": 1.304750e001,"dVdt_007": 6.530719e-04,"V_008": 1.310353e001,"dVdt_008": 1.338589e-03,"V_009": 1.315589e001,"dVdt_009": 6.621952e-04,"V_010": 1.300639e001,"dVdt_010":-9.190674e-04,"V_011": 1.305973e001,"dVdt_011":-1.415337e-03,"V_012": 1.314577e001,"dVdt_012":-1.573685e-03,"V_013": 1.318032e001,"dVdt_013":-1.441103e-03,"V_014": 1.302023e001,"dVdt_014":-1.563820e-03,"V_015": 1.309712e001,"dVdt_015":-9.800493e-04,"V_016": 1.316694e001,"dVdt_016":-4.335313e-04}
67021	330	3												0	16212709221315000	{"V_001": 1.304883e001,"dVdt_001": 1.966240e-04,"V_002": 1.307803e001,"dVdt_002":-2.021622e-04,"V_003": 1.297470e001,"dVdt_003":-1.690490e-03,"V_004": 1.305528e001,"dVdt_004": 2.282731e-04,"V_005": 1.302687e001,"dVdt_005": 8.547438e-04,"V_006": 1.309449e001,"dVdt_006": 1.148651e-03,"V_007": 1.304829e001,"dVdt_007": 6.530719e-04,"V_008": 1.310443e001,"dVdt_008": 1.338589e-03,"V_009": 1.315682e001,"dVdt_009":-1.556827e-03,"V_010": 1.300719e001,"dVdt_010":-9.190674e-04,"V_011": 1.306066e001,"dVdt_011":-1.415337e-03,"V_012": 1.314677e001,"dVdt_012":-1.573685e-03,"V_013": 1.318130e001,"dVdt_013":-1.441103e-03,"V_014": 1.302089e001,"dVdt_014":-1.563820e-03,"V_015": 1.309795e001,"dVdt_015":-9.800493e-04,"V_016": 1.316769e001,"dVdt_016":-4.335313e-04}
67819	331	3												0	16212709221832000	{"V_001": 1.304821e001,"dVdt_001": 1.966240e-04,"V_002": 1.307763e001,"dVdt_002":-2.021622e-04,"V_003": 1.297410e001,"dVdt_003":-1.690490e-03,"V_004": 1.305488e001,"dVdt_004": 2.282731e-04,"V_005": 1.302644e001,"dVdt_005": 8.547438e-04,"V_006": 1.309409e001,"dVdt_006": 1.148651e-03,"V_007": 1.304775e001,"dVdt_007": 6.530719e-04,"V_008": 1.310351e001,"dVdt_008": 1.338589e-03,"V_009": 1.315612e001,"dVdt_009":-1.556827e-03,"V_010": 1.300652e001,"dVdt_010":-9.190674e-04,"V_011": 1.306010e001,"dVdt_011":-1.415337e-03,"V_012": 1.314593e001,"dVdt_012":-1.573685e-03,"V_013": 1.318058e001,"dVdt_013":-1.441103e-03,"V_014": 1.302026e001,"dVdt_014":-1.563820e-03,"V_015": 1.309725e001,"dVdt_015":-9.800493e-04,"V_016": 1.316714e001,"dVdt_016":-4.335313e-04}
68617	332	3												0	16212709222345000	{"V_001": 1.304841e001,"dVdt_001": 1.966240e-04,"V_002": 1.307773e001,"dVdt_002":-2.021622e-04,"V_003": 1.297431e001,"dVdt_003":-1.690490e-03,"V_004": 1.305500e001,"dVdt_004": 2.282731e-04,"V_005": 1.302664e001,"dVdt_005": 8.547438e-04,"V_006": 1.309417e001,"dVdt_006": 1.148651e-03,"V_007": 1.304798e001,"dVdt_007": 6.530719e-04,"V_008": 1.310388e001,"dVdt_008": 1.338589e-03,"V_009": 1.315638e001,"dVdt_009":-1.556827e-03,"V_010": 1.300694e001,"dVdt_010":-9.190674e-04,"V_011": 1.306026e001,"dVdt_011":-1.415337e-03,"V_012": 1.314632e001,"dVdt_012":-1.573685e-03,"V_013": 1.318069e001,"dVdt_013":-1.441103e-03,"V_014": 1.302065e001,"dVdt_014":-1.563820e-03,"V_015": 1.309741e001,"dVdt_015":-9.800493e-04,"V_016": 1.316747e001,"dVdt_016":-4.335313e-04}
69415	333	3												0	16212709222874000	{"V_001": 1.304899e001,"dVdt_001": 1.966240e-04,"V_002": 1.307824e001,"dVdt_002":-2.021622e-04,"V_003": 1.297474e001,"dVdt_003":-1.690490e-03,"V_004": 1.305546e001,"dVdt_004": 2.282731e-04,"V_005": 1.302705e001,"dVdt_005": 8.547438e-04,"V_006": 1.309466e001,"dVdt_006": 1.148651e-03,"V_007": 1.304831e001,"dVdt_007": 6.530719e-04,"V_008": 1.310471e001,"dVdt_008": 1.338589e-03,"V_009": 1.315695e001,"dVdt_009":-1.556827e-03,"V_010": 1.300725e001,"dVdt_010":-9.190674e-04,"V_011": 1.306082e001,"dVdt_011":-1.415337e-03,"V_012": 1.314677e001,"dVdt_012":-1.573685e-03,"V_013": 1.318125e001,"dVdt_013":-1.441103e-03,"V_014": 1.302089e001,"dVdt_014":-1.563820e-03,"V_015": 1.309795e001,"dVdt_015":-9.800493e-04,"V_016": 1.316777e001,"dVdt_016":-4.335313e-04}
70213	334	3												0	16212709223387000	{"V_001": 1.304757e001,"dVdt_001": 1.966240e-04,"V_002": 1.307683e001,"dVdt_002":-2.021622e-04,"V_003": 1.297358e001,"dVdt_003":-1.690490e-03,"V_004": 1.305411e001,"dVdt_004": 2.282731e-04,"V_005": 1.302570e001,"dVdt_005": 8.547438e-04,"V_006": 1.309339e001,"dVdt_006": 1.148651e-03,"V_007": 1.304717e001,"dVdt_007": 6.530719e-04,"V_008": 1.310355e001,"dVdt_008": 1.338589e-03,"V_009": 1.315542e001,"dVdt_009":-1.556827e-03,"V_010": 1.300618e001,"dVdt_010":-9.190674e-04,"V_011": 1.305941e001,"dVdt_011":-1.415337e-03,"V_012": 1.314554e001,"dVdt_012":-1.573685e-03,"V_013": 1.317981e001,"dVdt_013":-1.441103e-03,"V_014": 1.301962e001,"dVdt_014":-1.563820e-03,"V_015": 1.309684e001,"dVdt_015":-9.800493e-04,"V_016": 1.316654e001,"dVdt_016":-4.335313e-04}
71011	335	3												0	16212709223908000	{"V_001": 1.304858e001,"dVdt_001": 1.966240e-04,"V_002": 1.307790e001,"dVdt_002":-2.021622e-04,"V_003": 1.297438e001,"dVdt_003":-1.690490e-03,"V_004": 1.305517e001,"dVdt_004": 2.282731e-04,"V_005": 1.302664e001,"dVdt_005": 8.547438e-04,"V_006": 1.309435e001,"dVdt_006": 1.148651e-03,"V_007": 1.304794e001,"dVdt_007": 6.530719e-04,"V_008": 1.310391e001,"dVdt_008": 1.338589e-03,"V_009": 1.315651e001,"dVdt_009":-1.556827e-03,"V_010": 1.300706e001,"dVdt_010":-9.190674e-04,"V_011": 1.306026e001,"dVdt_011":-1.415337e-03,"V_012": 1.314651e001,"dVdt_012":-1.573685e-03,"V_013": 1.318104e001,"dVdt_013":-1.441103e-03,"V_014": 1.302066e001,"dVdt_014":-1.563820e-03,"V_015": 1.309780e001,"dVdt_015":-9.800493e-04,"V_016": 1.316744e001,"dVdt_016":-4.335313e-04}
71809	336	3												0	16212709224415000	{"V_001": 1.304870e001,"dVdt_001": 1.966240e-04,"V_002": 1.307810e001,"dVdt_002":-2.021622e-04,"V_003": 1.297548e001,"dVdt_003":-1.690490e-03,"V_004": 1.305603e001,"dVdt_004": 2.282731e-04,"V_005": 1.302748e001,"dVdt_005": 8.547438e-04,"V_006": 1.309532e001,"dVdt_006": 1.148651e-03,"V_007": 1.304904e001,"dVdt_007": 6.530719e-04,"V_008": 1.310526e001,"dVdt_008": 1.338589e-03,"V_009": 1.315680e001,"dVdt_009":-1.556827e-03,"V_010": 1.300730e001,"dVdt_010":-9.190674e-04,"V_011": 1.306077e001,"dVdt_011":-1.415337e-03,"V_012": 1.314661e001,"dVdt_012":-1.573685e-03,"V_013": 1.318121e001,"dVdt_013":-1.441103e-03,"V_014": 1.302101e001,"dVdt_014":-1.563820e-03,"V_015": 1.309784e001,"dVdt_015":-9.800493e-04,"V_016": 1.316775e001,"dVdt_016":-4.335313e-04}
72607	337	3												0	16212709224920000	{"V_001": 1.304947e001,"dVdt_001": 1.966240e-04,"V_002": 1.307876e001,"dVdt_002":-2.021622e-04,"V_003": 1.297526e001,"dVdt_003":-1.690490e-03,"V_004": 1.305601e001,"dVdt_004": 2.282731e-04,"V_005": 1.302768e001,"dVdt_005": 8.547438e-04,"V_006": 1.309524e001,"dVdt_006": 1.148651e-03,"V_007": 1.304881e001,"dVdt_007": 6.530719e-04,"V_008": 1.310515e001,"dVdt_008": 1.338589e-03,"V_009": 1.315693e001,"dVdt_009":-1.556827e-03,"V_010": 1.300732e001,"dVdt_010":-9.190674e-04,"V_011": 1.306082e001,"dVdt_011":-1.415337e-03,"V_012": 1.314669e001,"dVdt_012":-1.573685e-03,"V_013": 1.318130e001,"dVdt_013":-1.441103e-03,"V_014": 1.302108e001,"dVdt_014":-1.563820e-03,"V_015": 1.309830e001,"dVdt_015":-9.800493e-04,"V_016": 1.316784e001,"dVdt_016":-4.335313e-04}
73405	338	3												0	16212709225449000	{"V_001": 1.304866e001,"dVdt_001": 1.966240e-04,"V_002": 1.307782e001,"dVdt_002":-2.021622e-04,"V_003": 1.297439e001,"dVdt_003":-1.690490e-03,"V_004": 1.305521e001,"dVdt_004": 2.282731e-04,"V_005": 1.302691e001,"dVdt_005": 8.547438e-04,"V_006": 1.309449e001,"dVdt_006": 1.148651e-03,"V_007": 1.304810e001,"dVdt_007": 6.530719e-04,"V_008": 1.310403e001,"dVdt_008": 1.338589e-03,"V_009": 1.315673e001,"dVdt_009":-1.556827e-03,"V_010": 1.300707e001,"dVdt_010":-9.190674e-04,"V_011": 1.306046e001,"dVdt_011":-1.415337e-03,"V_012": 1.314648e001,"dVdt_012":-1.573685e-03,"V_013": 1.318096e001,"dVdt_013":-1.441103e-03,"V_014": 1.302066e001,"dVdt_014":-1.563820e-03,"V_015": 1.309766e001,"dVdt_015":-9.800493e-04,"V_016": 1.316750e001,"dVdt_016":-4.335313e-04}
74203	339	1	300	9.22399997711181e-01	9.22399997711181e-01	1	1	 9.111696e-02	-3.705024e-04	 2.205656e-05	 0.000000e000	-7.536172e-09	 0.000000e000	2097152	16212709223181000	{}
74379	340	1	301	9.25199985504150e-01	9.25199985504150e-01	1	1	 9.111726e-02	-3.685951e-04	 2.205656e-05	 0.000000e000	-7.536172e-09	 0.000000e000	2097152	16212709223209000	{}
74555	341	1	302	9.27600002288818e-01	9.27600002288818e-01	1	1	 9.111726e-02	-3.685951e-04	 2.205656e-05	 0.000000e000	-7.536172e-09	 0.000000e000	2097152	16212709223233000	{}
74731	342	1	303	9.31099987030029e-01	9.31099987030029e-01	1	1	 9.111732e-02	-3.719329e-04	 2.205656e-05	 0.000000e000	-7.536172e-09	 0.000000e000	2097152	16212709223268000	{}
74907	343	1	304	9.33799934387207e-01	9.33799934387207e-01	1	1	 9.111732e-02	-3.719329e-04	 2.205656e-05	 0.000000e000	-7.536172e-09	 0.000000e000	2097152	16212709223295000	{}
75083	344	1	305	9.37199974060058e-01	9.37199974060058e-01	1	1	 9.111756e-02	-3.747940e-04	 2.205656e-05	 0.000000e000	-7.536172e-09	 0.000000e000	2097152	16212709223329000	{}
75259	345	1	306	9.40400028228759e-01	9.40400028228759e-01	1	1	 9.111785e-02	-3.767013e-04	 2.205656e-05	 0.000000e000	-7.536172e-09	 0.000000e000	2097152	16212709223361000	{}
75435	346	1	307	9.42899990081787e-01	9.42899990081787e-01	1	1	 9.111785e-02	-3.767013e-04	 2.205656e-05	 0.000000e000	-7.536172e-09	 0.000000e000	2097152	16212709223386000	{}
75611	347	1	308	9.46199989318847e-01	9.46199989318847e-01	1	1	 9.111815e-02	-3.829002e-04	 2.205656e-05	 0.000000e000	-7.536172e-09	 0.000000e000	2097152	16212709223419000	{}
75787	348	1	309	9.49300003051757e-01	9.49300003051757e-01	1	1	 9.111815e-02	-3.829002e-04	 2.205656e-05	 0.000000e000	-7.536172e-09	 0.000000e000	2097152	16212709223450000	{}
75963	349	1	310	9.52400016784667e-01	9.52400016784667e-01	1	1	 9.111785e-02	-3.833770e-04	 2.205656e-05	 0.000000e000	-7.536172e-09	 0.000000e000	2097152	16212709223481000	{}
76139	350	1	311	9.55000019073486e-01	9.55000019073486e-01	1	1	 9.111785e-02	-3.833770e-04	 2.205656e-05	 0.000000e000	-7.536172e-09	 0.000000e000	2097152	16212709223507000	{}
76315	351	1	312	9.58599948883056e-01	9.58599948883056e-01	1	1	 9.111756e-02	-3.843307e-04	 2.205656e-05	 0.000000e000	-7.536172e-09	 0.000000e000	2097152	16212709223543000	{}
76491	352	1	313	9.61700057983398e-01	9.61700057983398e-01	1	1	 9.111756e-02	-3.843307e-04	 2.403837e-05	 0.000000e000	-8.297842e-09	 0.000000e000	2097152	16212709223574000	{}
76667	353	1	314	9.65100002288818e-01	9.65100002288818e-01	1	1	 9.111857e-02	-3.795623e-04	 2.403837e-05	 0.000000e000	-8.297842e-09	 0.000000e000	2097152	16212709223608000	{}
76843	354	1	315	9.68200016021728e-01	9.68200016021728e-01	1	1	 9.111886e-02	-3.738403e-04	 2.403837e-05	 0.000000e000	-8.297842e-09	 0.000000e000	2097152	16212709223639000	{}
77019	355	1	316	9.71000003814697e-01	9.71000003814697e-01	1	1	 9.111886e-02	-3.738403e-04	 2.403837e-05	 0.000000e000	-8.297842e-09	 0.000000e000	2097152	16212709223667000	{}
77195	356	1	317	9.73799991607666e-01	9.73799991607666e-01	1	1	 9.111923e-02	-3.747940e-04	 2.403837e-05	 0.000000e000	-8.297842e-09	 0.000000e000	2097152	16212709223695000	{}
77371	357	1	318	9.77000045776367e-01	9.77000045776367e-01	1	1	 9.111923e-02	-3.747940e-04	 2.403837e-05	 0.000000e000	-8.297842e-09	 0.000000e000	2097152	16212709223727000	{}
77547	358	1	319	9.80200004577636e-01	9.80200004577636e-01	1	1	 9.111952e-02	-3.657341e-04	 2.403837e-05	 0.000000e000	-8.297842e-09	 0.000000e000	2097152	16212709223759000	{}
77723	359	1	320	9.82800006866455e-01	9.82800006866455e-01	1	1	 9.111952e-02	-3.657341e-04	 2.403837e-05	 0.000000e000	-8.297842e-09	 0.000000e000	2097152	16212709223785000	{}
77899	360	1	321	9.86199951171875e-01	9.86199951171875e-01	1	1	 9.111976e-02	-3.614425e-04	 2.403837e-05	 0.000000e000	-8.297842e-09	 0.000000e000	2097152	16212709223819000	{}
78075	361	1	322	9.88300037384033e-01	9.88300037384033e-01	1	1	 9.111976e-02	-3.614425e-04	 2.403837e-05	 0.000000e000	-8.297842e-09	 0.000000e000	2097152	16212709223840000	{}
78251	362	1	323	9.92299938201904e-01	9.92299938201904e-01	1	1	 9.112000e-02	-3.566741e-04	 2.403837e-05	 0.000000e000	-8.297842e-09	 0.000000e000	2097152	16212709223880000	{}
78427	363	1	324	9.95100021362304e-01	9.95100021362304e-01	1	1	 9.112000e-02	-3.566741e-04	 2.403837e-05	 0.000000e000	-8.297842e-09	 0.000000e000	2097152	16212709223908000	{}
78603	364	1	325	9.98799991607666e-01	9.98799991607666e-01	1	1	 9.112012e-02	-3.647804e-04	 2.403837e-05	 0.000000e000	-8.297842e-09	 0.000000e000	2097152	16212709223945000	{}
